--
-- PostgreSQL database dump
--

-- Dumped from database version 15.2 (Debian 15.2-1.pgdg110+1)
-- Dumped by pg_dump version 15.2 (Debian 15.2-1.pgdg110+1)

SET statement_timeout = 0;
SET lock_timeout = 0;
SET idle_in_transaction_session_timeout = 0;
SET client_encoding = 'UTF8';
SET standard_conforming_strings = on;
SELECT pg_catalog.set_config('search_path', '', false);
SET check_function_bodies = false;
SET xmloption = content;
SET client_min_messages = warning;
SET row_security = off;

SET default_tablespace = '';

SET default_table_access_method = heap;

--
-- Name: brands; Type: TABLE; Schema: public; Owner: postgres
--

CREATE TABLE public.brands (
    id integer NOT NULL,
    name character varying NOT NULL,
    "createdAt" timestamp without time zone DEFAULT now() NOT NULL,
    "updatedAt" timestamp without time zone DEFAULT now() NOT NULL
);


ALTER TABLE public.brands OWNER TO postgres;

--
-- Name: brands_id_seq; Type: SEQUENCE; Schema: public; Owner: postgres
--

CREATE SEQUENCE public.brands_id_seq
    AS integer
    START WITH 1
    INCREMENT BY 1
    NO MINVALUE
    NO MAXVALUE
    CACHE 1;


ALTER TABLE public.brands_id_seq OWNER TO postgres;

--
-- Name: brands_id_seq; Type: SEQUENCE OWNED BY; Schema: public; Owner: postgres
--

ALTER SEQUENCE public.brands_id_seq OWNED BY public.brands.id;


--
-- Name: categories; Type: TABLE; Schema: public; Owner: postgres
--

CREATE TABLE public.categories (
    id integer NOT NULL,
    name character varying NOT NULL,
    "createdAt" timestamp without time zone DEFAULT now() NOT NULL,
    "updatedAt" timestamp without time zone DEFAULT now() NOT NULL
);


ALTER TABLE public.categories OWNER TO postgres;

--
-- Name: categories_id_seq; Type: SEQUENCE; Schema: public; Owner: postgres
--

CREATE SEQUENCE public.categories_id_seq
    AS integer
    START WITH 1
    INCREMENT BY 1
    NO MINVALUE
    NO MAXVALUE
    CACHE 1;


ALTER TABLE public.categories_id_seq OWNER TO postgres;

--
-- Name: categories_id_seq; Type: SEQUENCE OWNED BY; Schema: public; Owner: postgres
--

ALTER SEQUENCE public.categories_id_seq OWNED BY public.categories.id;


--
-- Name: colors; Type: TABLE; Schema: public; Owner: postgres
--

CREATE TABLE public.colors (
    id integer NOT NULL,
    name character varying NOT NULL,
    "createdAt" timestamp without time zone DEFAULT now() NOT NULL,
    "updatedAt" timestamp without time zone DEFAULT now() NOT NULL
);


ALTER TABLE public.colors OWNER TO postgres;

--
-- Name: colors_id_seq; Type: SEQUENCE; Schema: public; Owner: postgres
--

CREATE SEQUENCE public.colors_id_seq
    AS integer
    START WITH 1
    INCREMENT BY 1
    NO MINVALUE
    NO MAXVALUE
    CACHE 1;


ALTER TABLE public.colors_id_seq OWNER TO postgres;

--
-- Name: colors_id_seq; Type: SEQUENCE OWNED BY; Schema: public; Owner: postgres
--

ALTER SEQUENCE public.colors_id_seq OWNED BY public.colors.id;


--
-- Name: migrations; Type: TABLE; Schema: public; Owner: postgres
--

CREATE TABLE public.migrations (
    id integer NOT NULL,
    "timestamp" bigint NOT NULL,
    name character varying NOT NULL
);


ALTER TABLE public.migrations OWNER TO postgres;

--
-- Name: migrations_id_seq; Type: SEQUENCE; Schema: public; Owner: postgres
--

CREATE SEQUENCE public.migrations_id_seq
    AS integer
    START WITH 1
    INCREMENT BY 1
    NO MINVALUE
    NO MAXVALUE
    CACHE 1;


ALTER TABLE public.migrations_id_seq OWNER TO postgres;

--
-- Name: migrations_id_seq; Type: SEQUENCE OWNED BY; Schema: public; Owner: postgres
--

ALTER SEQUENCE public.migrations_id_seq OWNED BY public.migrations.id;


--
-- Name: order_history; Type: TABLE; Schema: public; Owner: postgres
--

CREATE TABLE public.order_history (
    id integer NOT NULL,
    "orderId" character varying(100) NOT NULL,
    "productStringId" character varying(100) NOT NULL,
    "priceDuringOrderMYR" integer NOT NULL,
    "photosDuringOrder" text NOT NULL,
    "nameDuringOrder" character varying NOT NULL,
    "colorDuringOrder" character varying NOT NULL,
    status character varying NOT NULL,
    "createdAt" timestamp without time zone DEFAULT now() NOT NULL,
    "updatedAt" timestamp without time zone DEFAULT now() NOT NULL
);


ALTER TABLE public.order_history OWNER TO postgres;

--
-- Name: order_history_id_seq; Type: SEQUENCE; Schema: public; Owner: postgres
--

CREATE SEQUENCE public.order_history_id_seq
    AS integer
    START WITH 1
    INCREMENT BY 1
    NO MINVALUE
    NO MAXVALUE
    CACHE 1;


ALTER TABLE public.order_history_id_seq OWNER TO postgres;

--
-- Name: order_history_id_seq; Type: SEQUENCE OWNED BY; Schema: public; Owner: postgres
--

ALTER SEQUENCE public.order_history_id_seq OWNED BY public.order_history.id;


--
-- Name: products; Type: TABLE; Schema: public; Owner: postgres
--

CREATE TABLE public.products (
    id integer NOT NULL,
    "productStringId" character varying(100) NOT NULL,
    "priceMYR" integer NOT NULL,
    name character varying NOT NULL,
    "stockCount" integer NOT NULL,
    "brandId" integer NOT NULL,
    "categoryId" integer NOT NULL,
    "createdAt" timestamp without time zone DEFAULT now() NOT NULL,
    "updatedAt" timestamp without time zone DEFAULT now() NOT NULL
);


ALTER TABLE public.products OWNER TO postgres;

--
-- Name: products_colors; Type: TABLE; Schema: public; Owner: postgres
--

CREATE TABLE public.products_colors (
    "productsId" integer NOT NULL,
    "colorsId" integer NOT NULL,
    photos text
);


ALTER TABLE public.products_colors OWNER TO postgres;

--
-- Name: products_id_seq; Type: SEQUENCE; Schema: public; Owner: postgres
--

CREATE SEQUENCE public.products_id_seq
    AS integer
    START WITH 1
    INCREMENT BY 1
    NO MINVALUE
    NO MAXVALUE
    CACHE 1;


ALTER TABLE public.products_id_seq OWNER TO postgres;

--
-- Name: products_id_seq; Type: SEQUENCE OWNED BY; Schema: public; Owner: postgres
--

ALTER SEQUENCE public.products_id_seq OWNED BY public.products.id;


--
-- Name: brands id; Type: DEFAULT; Schema: public; Owner: postgres
--

ALTER TABLE ONLY public.brands ALTER COLUMN id SET DEFAULT nextval('public.brands_id_seq'::regclass);


--
-- Name: categories id; Type: DEFAULT; Schema: public; Owner: postgres
--

ALTER TABLE ONLY public.categories ALTER COLUMN id SET DEFAULT nextval('public.categories_id_seq'::regclass);


--
-- Name: colors id; Type: DEFAULT; Schema: public; Owner: postgres
--

ALTER TABLE ONLY public.colors ALTER COLUMN id SET DEFAULT nextval('public.colors_id_seq'::regclass);


--
-- Name: migrations id; Type: DEFAULT; Schema: public; Owner: postgres
--

ALTER TABLE ONLY public.migrations ALTER COLUMN id SET DEFAULT nextval('public.migrations_id_seq'::regclass);


--
-- Name: order_history id; Type: DEFAULT; Schema: public; Owner: postgres
--

ALTER TABLE ONLY public.order_history ALTER COLUMN id SET DEFAULT nextval('public.order_history_id_seq'::regclass);


--
-- Name: products id; Type: DEFAULT; Schema: public; Owner: postgres
--

ALTER TABLE ONLY public.products ALTER COLUMN id SET DEFAULT nextval('public.products_id_seq'::regclass);


--
-- Data for Name: brands; Type: TABLE DATA; Schema: public; Owner: postgres
--

COPY public.brands (id, name, "createdAt", "updatedAt") FROM stdin;
1	Denesik and Sons	2023-05-08 00:49:03.979	2023-05-08 00:49:03.979
2	Feeney LLC	2023-05-08 00:49:04.041	2023-05-08 00:49:04.041
3	Morar, Daniel and Pagac	2023-05-08 00:49:04.075	2023-05-08 00:49:04.075
4	Jerde - Rutherford	2023-05-08 00:49:04.106	2023-05-08 00:49:04.106
5	Cremin Inc	2023-05-08 00:49:04.132	2023-05-08 00:49:04.132
6	Glover - Boehm	2023-05-08 00:49:04.169	2023-05-08 00:49:04.169
7	Hammes, Bashirian and Marquardt	2023-05-08 00:49:04.21	2023-05-08 00:49:04.21
8	Macejkovic - Hammes	2023-05-08 00:49:04.243	2023-05-08 00:49:04.243
9	Schaden, Denesik and Pagac	2023-05-08 00:49:04.275	2023-05-08 00:49:04.275
10	Raynor - Botsford	2023-05-08 00:49:04.307	2023-05-08 00:49:04.307
11	Aufderhar Inc	2023-05-08 00:49:04.349	2023-05-08 00:49:04.349
12	Flatley, Reichert and Heller	2023-05-08 00:49:04.387	2023-05-08 00:49:04.387
13	Koch and Sons	2023-05-08 00:49:04.424	2023-05-08 00:49:04.424
14	Jaskolski - Kiehn	2023-05-08 00:49:04.461	2023-05-08 00:49:04.461
15	Hickle Inc	2023-05-08 00:49:04.503	2023-05-08 00:49:04.503
16	Runte - Beatty	2023-05-08 00:49:04.531	2023-05-08 00:49:04.531
17	Gleichner and Sons	2023-05-08 00:49:04.56	2023-05-08 00:49:04.56
18	Huels, Turcotte and Rogahn	2023-05-08 00:49:04.595	2023-05-08 00:49:04.595
19	Mills, Jakubowski and McClure	2023-05-08 00:49:04.631	2023-05-08 00:49:04.631
20	Christiansen - Ondricka	2023-05-08 00:49:04.662	2023-05-08 00:49:04.662
21	Pouros - Ankunding	2023-05-08 00:49:04.701	2023-05-08 00:49:04.701
22	Bosco Group	2023-05-08 00:49:04.736	2023-05-08 00:49:04.736
23	Konopelski, Farrell and Senger	2023-05-08 00:49:04.775	2023-05-08 00:49:04.775
24	Smith - Marvin	2023-05-08 00:49:04.817	2023-05-08 00:49:04.817
25	Nitzsche, Marquardt and Ratke	2023-05-08 00:49:04.856	2023-05-08 00:49:04.856
26	Orn - Baumbach	2023-05-08 00:49:04.903	2023-05-08 00:49:04.903
27	Davis - Hansen	2023-05-08 00:49:04.954	2023-05-08 00:49:04.954
28	Rogahn, Koepp and Carter	2023-05-08 00:49:04.995	2023-05-08 00:49:04.995
29	Larkin Inc	2023-05-08 00:49:05.026	2023-05-08 00:49:05.026
30	Friesen - Hackett	2023-05-08 00:49:05.051	2023-05-08 00:49:05.051
\.


--
-- Data for Name: categories; Type: TABLE DATA; Schema: public; Owner: postgres
--

COPY public.categories (id, name, "createdAt", "updatedAt") FROM stdin;
1	Phone	2023-05-07 16:49:03.970947	2023-05-07 16:49:03.970947
2	Tablet	2023-05-07 16:49:03.970947	2023-05-07 16:49:03.970947
3	Laptop	2023-05-07 16:49:03.970947	2023-05-07 16:49:03.970947
4	Personal Computer	2023-05-07 16:49:03.970947	2023-05-07 16:49:03.970947
5	Chromebook	2023-05-07 16:49:03.970947	2023-05-07 16:49:03.970947
6	Foldable Phone	2023-05-07 16:49:03.970947	2023-05-07 16:49:03.970947
\.


--
-- Data for Name: colors; Type: TABLE DATA; Schema: public; Owner: postgres
--

COPY public.colors (id, name, "createdAt", "updatedAt") FROM stdin;
1	Red	2023-05-07 16:49:03.961166	2023-05-07 16:49:03.961166
2	Green	2023-05-07 16:49:03.961166	2023-05-07 16:49:03.961166
3	Blue	2023-05-07 16:49:03.961166	2023-05-07 16:49:03.961166
4	White	2023-05-07 16:49:03.961166	2023-05-07 16:49:03.961166
5	Grey	2023-05-07 16:49:03.961166	2023-05-07 16:49:03.961166
6	Teal	2023-05-07 16:49:03.961166	2023-05-07 16:49:03.961166
7	Sea Blue	2023-05-07 16:49:03.961166	2023-05-07 16:49:03.961166
8	Rose Gold	2023-05-07 16:49:03.961166	2023-05-07 16:49:03.961166
9	Skin	2023-05-07 16:49:03.961166	2023-05-07 16:49:03.961166
\.


--
-- Data for Name: migrations; Type: TABLE DATA; Schema: public; Owner: postgres
--

COPY public.migrations (id, "timestamp", name) FROM stdin;
28	1683420792527	CreateTables1683420792527
\.


--
-- Data for Name: order_history; Type: TABLE DATA; Schema: public; Owner: postgres
--

COPY public.order_history (id, "orderId", "productStringId", "priceDuringOrderMYR", "photosDuringOrder", "nameDuringOrder", "colorDuringOrder", status, "createdAt", "updatedAt") FROM stdin;
\.


--
-- Data for Name: products; Type: TABLE DATA; Schema: public; Owner: postgres
--

COPY public.products (id, "productStringId", "priceMYR", name, "stockCount", "brandId", "categoryId", "createdAt", "updatedAt") FROM stdin;
1	F69M0J0000	827	Gorgeous Concrete Chicken Personal Computer	1	1	4	2023-05-08 00:49:03.978	2023-05-08 00:49:03.978
2	F69M0J0001	2262	Oriental Steel Computer Personal Computer	1	1	4	2023-05-08 00:49:03.978	2023-05-08 00:49:03.978
3	F69M0J0002	1780	Elegant Bronze Tuna Laptop	1	1	3	2023-05-08 00:49:03.978	2023-05-08 00:49:03.978
4	F69M0J0003	1419	Elegant Soft Computer Foldable Phone	1	1	6	2023-05-08 00:49:03.978	2023-05-08 00:49:03.978
5	F69M0J0004	1185	Fantastic Bronze Salad Personal Computer	1	1	4	2023-05-08 00:49:03.978	2023-05-08 00:49:03.978
6	F69M0J0005	2176	Luxurious Bronze Gloves Chromebook	1	1	5	2023-05-08 00:49:03.978	2023-05-08 00:49:03.978
7	F69M0J0006	3350	Small Soft Computer Personal Computer	1	1	4	2023-05-08 00:49:03.978	2023-05-08 00:49:03.978
8	F69M0J0007	3076	Electronic Steel Salad Phone	1	1	1	2023-05-08 00:49:03.978	2023-05-08 00:49:03.978
9	F69M0J0008	1580	Fantastic Wooden Pizza Foldable Phone	1	1	6	2023-05-08 00:49:03.979	2023-05-08 00:49:03.979
10	F69M0J0009	1390	Awesome Concrete Shoes Phone	1	1	1	2023-05-08 00:49:03.979	2023-05-08 00:49:03.979
11	KD9O3I0000	2343	Intelligent Frozen Pizza Chromebook	1	2	5	2023-05-08 00:49:04.041	2023-05-08 00:49:04.041
12	KD9O3I0001	2696	Small Cotton Salad Phone	1	2	1	2023-05-08 00:49:04.041	2023-05-08 00:49:04.041
13	KD9O3I0002	947	Unbranded Concrete Tuna Foldable Phone	1	2	6	2023-05-08 00:49:04.041	2023-05-08 00:49:04.041
14	KD9O3I0003	1791	Bespoke Rubber Chicken Phone	1	2	1	2023-05-08 00:49:04.041	2023-05-08 00:49:04.041
15	KD9O3I0004	3342	Licensed Soft Hat Phone	1	2	1	2023-05-08 00:49:04.041	2023-05-08 00:49:04.041
16	KD9O3I0005	754	Recycled Granite Tuna Foldable Phone	1	2	6	2023-05-08 00:49:04.041	2023-05-08 00:49:04.041
17	KD9O3I0006	3188	Handmade Plastic Mouse Tablet	1	2	2	2023-05-08 00:49:04.041	2023-05-08 00:49:04.041
18	KD9O3I0007	3451	Small Plastic Ball Personal Computer	1	2	4	2023-05-08 00:49:04.041	2023-05-08 00:49:04.041
19	KD9O3I0008	3241	Licensed Fresh Bacon Tablet	1	2	2	2023-05-08 00:49:04.041	2023-05-08 00:49:04.041
20	KD9O3I0009	2687	Generic Plastic Towels Foldable Phone	1	2	6	2023-05-08 00:49:04.041	2023-05-08 00:49:04.041
21	HJIK4N0000	1374	Fantastic Fresh Car Phone	1	3	1	2023-05-08 00:49:04.075	2023-05-08 00:49:04.075
22	HJIK4N0001	2875	Ergonomic Frozen Table Laptop	1	3	3	2023-05-08 00:49:04.075	2023-05-08 00:49:04.075
23	HJIK4N0002	1142	Refined Bronze Keyboard Foldable Phone	1	3	6	2023-05-08 00:49:04.075	2023-05-08 00:49:04.075
24	HJIK4N0003	2433	Fantastic Wooden Shirt Foldable Phone	1	3	6	2023-05-08 00:49:04.075	2023-05-08 00:49:04.075
25	HJIK4N0004	2061	Rustic Rubber Mouse Phone	1	3	1	2023-05-08 00:49:04.075	2023-05-08 00:49:04.075
26	HJIK4N0005	1494	Gorgeous Granite Pizza Phone	1	3	1	2023-05-08 00:49:04.075	2023-05-08 00:49:04.075
27	HJIK4N0006	1324	Refined Rubber Tuna Foldable Phone	1	3	6	2023-05-08 00:49:04.075	2023-05-08 00:49:04.075
28	HJIK4N0007	3100	Incredible Concrete Table Phone	1	3	1	2023-05-08 00:49:04.075	2023-05-08 00:49:04.075
29	HJIK4N0008	2410	Recycled Wooden Towels Foldable Phone	1	3	6	2023-05-08 00:49:04.075	2023-05-08 00:49:04.075
30	HJIK4N0009	2835	Intelligent Rubber Pants Phone	1	3	1	2023-05-08 00:49:04.075	2023-05-08 00:49:04.075
31	F5G8OK0000	1737	Licensed Fresh Chicken Laptop	1	4	3	2023-05-08 00:49:04.106	2023-05-08 00:49:04.106
32	F5G8OK0001	1637	Bespoke Bronze Shoes Foldable Phone	1	4	6	2023-05-08 00:49:04.106	2023-05-08 00:49:04.106
33	F5G8OK0002	1084	Handcrafted Bronze Salad Personal Computer	1	4	4	2023-05-08 00:49:04.106	2023-05-08 00:49:04.106
34	F5G8OK0003	1940	Luxurious Granite Shirt Laptop	1	4	3	2023-05-08 00:49:04.106	2023-05-08 00:49:04.106
35	F5G8OK0004	2952	Awesome Fresh Shirt Phone	1	4	1	2023-05-08 00:49:04.106	2023-05-08 00:49:04.106
36	F5G8OK0005	1824	Refined Cotton Pizza Laptop	1	4	3	2023-05-08 00:49:04.106	2023-05-08 00:49:04.106
37	F5G8OK0006	3096	Electronic Metal Car Laptop	1	4	3	2023-05-08 00:49:04.106	2023-05-08 00:49:04.106
38	F5G8OK0007	2001	Fantastic Plastic Gloves Chromebook	1	4	5	2023-05-08 00:49:04.106	2023-05-08 00:49:04.106
39	F5G8OK0008	1107	Handmade Rubber Gloves Phone	1	4	1	2023-05-08 00:49:04.106	2023-05-08 00:49:04.106
40	F5G8OK0009	827	Electronic Granite Tuna Phone	1	4	1	2023-05-08 00:49:04.106	2023-05-08 00:49:04.106
41	NNNFDN0000	2580	Refined Wooden Fish Chromebook	1	5	5	2023-05-08 00:49:04.132	2023-05-08 00:49:04.132
42	NNNFDN0001	796	Electronic Fresh Pants Personal Computer	1	5	4	2023-05-08 00:49:04.132	2023-05-08 00:49:04.132
43	NNNFDN0002	2032	Bespoke Fresh Keyboard Laptop	1	5	3	2023-05-08 00:49:04.132	2023-05-08 00:49:04.132
44	NNNFDN0003	3237	Handmade Frozen Pants Foldable Phone	1	5	6	2023-05-08 00:49:04.132	2023-05-08 00:49:04.132
45	NNNFDN0004	3334	Fantastic Cotton Keyboard Phone	1	5	1	2023-05-08 00:49:04.132	2023-05-08 00:49:04.132
46	NNNFDN0005	1389	Electronic Bronze Shoes Personal Computer	1	5	4	2023-05-08 00:49:04.132	2023-05-08 00:49:04.132
47	NNNFDN0006	1996	Intelligent Steel Table Chromebook	1	5	5	2023-05-08 00:49:04.132	2023-05-08 00:49:04.132
48	NNNFDN0007	3270	Luxurious Wooden Pizza Personal Computer	1	5	4	2023-05-08 00:49:04.132	2023-05-08 00:49:04.132
49	NNNFDN0008	3201	Recycled Cotton Computer Tablet	1	5	2	2023-05-08 00:49:04.132	2023-05-08 00:49:04.132
50	NNNFDN0009	1870	Modern Frozen Gloves Phone	1	5	1	2023-05-08 00:49:04.132	2023-05-08 00:49:04.132
51	4IJ7HO0000	3019	Rustic Plastic Tuna Phone	1	6	1	2023-05-08 00:49:04.169	2023-05-08 00:49:04.169
52	4IJ7HO0001	2544	Small Granite Mouse Phone	1	6	1	2023-05-08 00:49:04.169	2023-05-08 00:49:04.169
53	4IJ7HO0002	2255	Incredible Frozen Soap Phone	1	6	1	2023-05-08 00:49:04.169	2023-05-08 00:49:04.169
54	4IJ7HO0003	1396	Ergonomic Frozen Shoes Personal Computer	1	6	4	2023-05-08 00:49:04.169	2023-05-08 00:49:04.169
55	4IJ7HO0004	1571	Incredible Cotton Bacon Personal Computer	1	6	4	2023-05-08 00:49:04.169	2023-05-08 00:49:04.169
56	4IJ7HO0005	2487	Recycled Cotton Mouse Chromebook	1	6	5	2023-05-08 00:49:04.169	2023-05-08 00:49:04.169
57	4IJ7HO0006	3339	Recycled Bronze Table Foldable Phone	1	6	6	2023-05-08 00:49:04.169	2023-05-08 00:49:04.169
58	4IJ7HO0007	1994	Modern Wooden Table Phone	1	6	1	2023-05-08 00:49:04.169	2023-05-08 00:49:04.169
59	4IJ7HO0008	1773	Handmade Fresh Pizza Tablet	1	6	2	2023-05-08 00:49:04.169	2023-05-08 00:49:04.169
60	4IJ7HO0009	1030	Oriental Wooden Pants Personal Computer	1	6	4	2023-05-08 00:49:04.169	2023-05-08 00:49:04.169
61	11IPPA0000	1325	Intelligent Wooden Tuna Phone	1	7	1	2023-05-08 00:49:04.21	2023-05-08 00:49:04.21
62	11IPPA0001	2160	Recycled Steel Chicken Personal Computer	1	7	4	2023-05-08 00:49:04.21	2023-05-08 00:49:04.21
63	11IPPA0002	2167	Bespoke Cotton Computer Personal Computer	1	7	4	2023-05-08 00:49:04.21	2023-05-08 00:49:04.21
64	11IPPA0003	3351	Modern Granite Tuna Foldable Phone	1	7	6	2023-05-08 00:49:04.21	2023-05-08 00:49:04.21
65	11IPPA0004	3274	Tasty Metal Chips Personal Computer	1	7	4	2023-05-08 00:49:04.21	2023-05-08 00:49:04.21
66	11IPPA0005	1651	Licensed Granite Cheese Phone	1	7	1	2023-05-08 00:49:04.21	2023-05-08 00:49:04.21
67	11IPPA0006	2101	Unbranded Rubber Car Phone	1	7	1	2023-05-08 00:49:04.21	2023-05-08 00:49:04.21
68	11IPPA0007	2441	Rustic Wooden Bacon Phone	1	7	1	2023-05-08 00:49:04.21	2023-05-08 00:49:04.21
69	11IPPA0008	2855	Modern Soft Chair Chromebook	1	7	5	2023-05-08 00:49:04.21	2023-05-08 00:49:04.21
70	11IPPA0009	2905	Handmade Metal Computer Personal Computer	1	7	4	2023-05-08 00:49:04.21	2023-05-08 00:49:04.21
71	M4G2M90000	2089	Rustic Concrete Tuna Tablet	1	8	2	2023-05-08 00:49:04.243	2023-05-08 00:49:04.243
72	M4G2M90001	2351	Licensed Plastic Pizza Phone	1	8	1	2023-05-08 00:49:04.243	2023-05-08 00:49:04.243
73	M4G2M90002	2135	Small Wooden Pants Phone	1	8	1	2023-05-08 00:49:04.243	2023-05-08 00:49:04.243
74	M4G2M90003	831	Handcrafted Metal Salad Laptop	1	8	3	2023-05-08 00:49:04.243	2023-05-08 00:49:04.243
75	M4G2M90004	3402	Fantastic Soft Pizza Chromebook	1	8	5	2023-05-08 00:49:04.243	2023-05-08 00:49:04.243
76	M4G2M90005	1604	Tasty Wooden Pizza Personal Computer	1	8	4	2023-05-08 00:49:04.243	2023-05-08 00:49:04.243
77	M4G2M90006	1587	Intelligent Cotton Table Chromebook	1	8	5	2023-05-08 00:49:04.243	2023-05-08 00:49:04.243
78	M4G2M90007	1639	Intelligent Steel Ball Phone	1	8	1	2023-05-08 00:49:04.243	2023-05-08 00:49:04.243
79	M4G2M90008	2744	Bespoke Cotton Tuna Phone	1	8	1	2023-05-08 00:49:04.243	2023-05-08 00:49:04.243
80	M4G2M90009	2378	Generic Cotton Keyboard Personal Computer	1	8	4	2023-05-08 00:49:04.243	2023-05-08 00:49:04.243
81	6OAJNI0000	1179	Gorgeous Plastic Tuna Personal Computer	1	9	4	2023-05-08 00:49:04.274	2023-05-08 00:49:04.274
82	6OAJNI0001	2493	Electronic Soft Salad Phone	1	9	1	2023-05-08 00:49:04.274	2023-05-08 00:49:04.274
83	6OAJNI0002	2428	Handcrafted Frozen Chicken Phone	1	9	1	2023-05-08 00:49:04.274	2023-05-08 00:49:04.274
84	6OAJNI0003	705	Tasty Granite Car Phone	1	9	1	2023-05-08 00:49:04.274	2023-05-08 00:49:04.274
85	6OAJNI0004	2661	Luxurious Concrete Chips Personal Computer	1	9	4	2023-05-08 00:49:04.274	2023-05-08 00:49:04.274
86	6OAJNI0005	665	Rustic Soft Towels Laptop	1	9	3	2023-05-08 00:49:04.274	2023-05-08 00:49:04.274
87	6OAJNI0006	1739	Modern Steel Chips Tablet	1	9	2	2023-05-08 00:49:04.275	2023-05-08 00:49:04.275
88	6OAJNI0007	1328	Licensed Bronze Pizza Foldable Phone	1	9	6	2023-05-08 00:49:04.275	2023-05-08 00:49:04.275
89	6OAJNI0008	658	Rustic Fresh Mouse Tablet	1	9	2	2023-05-08 00:49:04.275	2023-05-08 00:49:04.275
90	6OAJNI0009	1027	Elegant Steel Pizza Phone	1	9	1	2023-05-08 00:49:04.275	2023-05-08 00:49:04.275
91	ACL74O0000	2141	Modern Fresh Table Tablet	1	10	2	2023-05-08 00:49:04.307	2023-05-08 00:49:04.307
92	ACL74O0001	872	Luxurious Fresh Salad Laptop	1	10	3	2023-05-08 00:49:04.307	2023-05-08 00:49:04.307
93	ACL74O0002	1625	Modern Granite Salad Tablet	1	10	2	2023-05-08 00:49:04.307	2023-05-08 00:49:04.307
94	ACL74O0003	1565	Refined Fresh Chair Phone	1	10	1	2023-05-08 00:49:04.307	2023-05-08 00:49:04.307
95	ACL74O0004	2113	Electronic Fresh Sausages Phone	1	10	1	2023-05-08 00:49:04.307	2023-05-08 00:49:04.307
96	ACL74O0005	2160	Licensed Plastic Soap Foldable Phone	1	10	6	2023-05-08 00:49:04.307	2023-05-08 00:49:04.307
97	ACL74O0006	1289	Incredible Soft Towels Foldable Phone	1	10	6	2023-05-08 00:49:04.307	2023-05-08 00:49:04.307
98	ACL74O0007	3484	Gorgeous Rubber Hat Phone	1	10	1	2023-05-08 00:49:04.307	2023-05-08 00:49:04.307
99	ACL74O0008	2419	Bespoke Rubber Chips Phone	1	10	1	2023-05-08 00:49:04.307	2023-05-08 00:49:04.307
100	ACL74O0009	2825	Handmade Bronze Table Phone	1	10	1	2023-05-08 00:49:04.307	2023-05-08 00:49:04.307
101	9K3FM60000	1615	Modern Wooden Computer Phone	1	11	1	2023-05-08 00:49:04.349	2023-05-08 00:49:04.349
102	9K3FM60001	3241	Incredible Cotton Shoes Phone	1	11	1	2023-05-08 00:49:04.349	2023-05-08 00:49:04.349
103	9K3FM60002	1861	Fantastic Fresh Chair Laptop	1	11	3	2023-05-08 00:49:04.349	2023-05-08 00:49:04.349
104	9K3FM60003	1225	Unbranded Plastic Sausages Phone	1	11	1	2023-05-08 00:49:04.349	2023-05-08 00:49:04.349
105	9K3FM60004	2160	Sleek Rubber Towels Tablet	1	11	2	2023-05-08 00:49:04.349	2023-05-08 00:49:04.349
106	9K3FM60005	694	Ergonomic Rubber Chips Chromebook	1	11	5	2023-05-08 00:49:04.349	2023-05-08 00:49:04.349
107	9K3FM60006	2626	Incredible Frozen Table Foldable Phone	1	11	6	2023-05-08 00:49:04.349	2023-05-08 00:49:04.349
108	9K3FM60007	1189	Electronic Metal Bike Laptop	1	11	3	2023-05-08 00:49:04.349	2023-05-08 00:49:04.349
109	9K3FM60008	2522	Gorgeous Wooden Sausages Personal Computer	1	11	4	2023-05-08 00:49:04.349	2023-05-08 00:49:04.349
110	9K3FM60009	2079	Elegant Plastic Pants Personal Computer	1	11	4	2023-05-08 00:49:04.349	2023-05-08 00:49:04.349
111	LO7EDB0000	2001	Handmade Granite Pants Laptop	1	12	3	2023-05-08 00:49:04.387	2023-05-08 00:49:04.387
112	LO7EDB0001	3205	Sleek Metal Shirt Personal Computer	1	12	4	2023-05-08 00:49:04.387	2023-05-08 00:49:04.387
113	LO7EDB0002	3433	Licensed Plastic Keyboard Phone	1	12	1	2023-05-08 00:49:04.387	2023-05-08 00:49:04.387
114	LO7EDB0003	1903	Intelligent Granite Keyboard Chromebook	1	12	5	2023-05-08 00:49:04.387	2023-05-08 00:49:04.387
115	LO7EDB0004	3315	Tasty Wooden Shoes Chromebook	1	12	5	2023-05-08 00:49:04.387	2023-05-08 00:49:04.387
116	LO7EDB0005	1527	Bespoke Wooden Table Tablet	1	12	2	2023-05-08 00:49:04.387	2023-05-08 00:49:04.387
117	LO7EDB0006	691	Awesome Concrete Chair Chromebook	1	12	5	2023-05-08 00:49:04.387	2023-05-08 00:49:04.387
118	LO7EDB0007	2971	Gorgeous Soft Pants Personal Computer	1	12	4	2023-05-08 00:49:04.387	2023-05-08 00:49:04.387
119	LO7EDB0008	2491	Fantastic Rubber Bacon Phone	1	12	1	2023-05-08 00:49:04.387	2023-05-08 00:49:04.387
120	LO7EDB0009	725	Practical Concrete Soap Laptop	1	12	3	2023-05-08 00:49:04.387	2023-05-08 00:49:04.387
121	OMEA1L0000	2505	Tasty Metal Car Personal Computer	1	13	4	2023-05-08 00:49:04.423	2023-05-08 00:49:04.423
122	OMEA1L0001	910	Unbranded Frozen Soap Personal Computer	1	13	4	2023-05-08 00:49:04.423	2023-05-08 00:49:04.423
123	OMEA1L0002	2059	Ergonomic Wooden Car Laptop	1	13	3	2023-05-08 00:49:04.423	2023-05-08 00:49:04.423
124	OMEA1L0003	3292	Practical Steel Shoes Phone	1	13	1	2023-05-08 00:49:04.423	2023-05-08 00:49:04.423
125	OMEA1L0004	2718	Licensed Wooden Chair Foldable Phone	1	13	6	2023-05-08 00:49:04.423	2023-05-08 00:49:04.423
126	OMEA1L0005	708	Gorgeous Steel Car Tablet	1	13	2	2023-05-08 00:49:04.423	2023-05-08 00:49:04.423
127	OMEA1L0006	2162	Small Cotton Keyboard Phone	1	13	1	2023-05-08 00:49:04.423	2023-05-08 00:49:04.423
128	OMEA1L0007	699	Modern Wooden Keyboard Chromebook	1	13	5	2023-05-08 00:49:04.423	2023-05-08 00:49:04.423
129	OMEA1L0008	2976	Elegant Steel Towels Chromebook	1	13	5	2023-05-08 00:49:04.424	2023-05-08 00:49:04.424
130	OMEA1L0009	1847	Incredible Metal Shoes Phone	1	13	1	2023-05-08 00:49:04.424	2023-05-08 00:49:04.424
131	2G2AG40000	2975	Intelligent Soft Bike Tablet	1	14	2	2023-05-08 00:49:04.461	2023-05-08 00:49:04.461
132	2G2AG40001	3421	Electronic Bronze Shoes Tablet	1	14	2	2023-05-08 00:49:04.461	2023-05-08 00:49:04.461
133	2G2AG40002	1819	Oriental Wooden Towels Phone	1	14	1	2023-05-08 00:49:04.461	2023-05-08 00:49:04.461
134	2G2AG40003	2513	Refined Wooden Chips Tablet	1	14	2	2023-05-08 00:49:04.461	2023-05-08 00:49:04.461
135	2G2AG40004	1172	Intelligent Cotton Chicken Foldable Phone	1	14	6	2023-05-08 00:49:04.461	2023-05-08 00:49:04.461
136	2G2AG40005	1635	Intelligent Concrete Chips Laptop	1	14	3	2023-05-08 00:49:04.461	2023-05-08 00:49:04.461
137	2G2AG40006	2743	Bespoke Rubber Bacon Laptop	1	14	3	2023-05-08 00:49:04.461	2023-05-08 00:49:04.461
138	2G2AG40007	2278	Sleek Wooden Car Chromebook	1	14	5	2023-05-08 00:49:04.461	2023-05-08 00:49:04.461
139	2G2AG40008	1245	Awesome Granite Keyboard Tablet	1	14	2	2023-05-08 00:49:04.461	2023-05-08 00:49:04.461
140	2G2AG40009	701	Fantastic Frozen Soap Personal Computer	1	14	4	2023-05-08 00:49:04.461	2023-05-08 00:49:04.461
141	3ED8IK0000	2634	Sleek Metal Cheese Phone	1	15	1	2023-05-08 00:49:04.503	2023-05-08 00:49:04.503
142	3ED8IK0001	596	Generic Wooden Table Phone	1	15	1	2023-05-08 00:49:04.503	2023-05-08 00:49:04.503
143	3ED8IK0002	2693	Sleek Fresh Table Phone	1	15	1	2023-05-08 00:49:04.503	2023-05-08 00:49:04.503
144	3ED8IK0003	1629	Incredible Rubber Salad Laptop	1	15	3	2023-05-08 00:49:04.503	2023-05-08 00:49:04.503
145	3ED8IK0004	3473	Oriental Wooden Gloves Phone	1	15	1	2023-05-08 00:49:04.503	2023-05-08 00:49:04.503
146	3ED8IK0005	1063	Intelligent Plastic Computer Laptop	1	15	3	2023-05-08 00:49:04.503	2023-05-08 00:49:04.503
147	3ED8IK0006	3190	Ergonomic Metal Chicken Phone	1	15	1	2023-05-08 00:49:04.503	2023-05-08 00:49:04.503
148	3ED8IK0007	1080	Gorgeous Cotton Towels Personal Computer	1	15	4	2023-05-08 00:49:04.503	2023-05-08 00:49:04.503
149	3ED8IK0008	535	Unbranded Wooden Bike Personal Computer	1	15	4	2023-05-08 00:49:04.503	2023-05-08 00:49:04.503
150	3ED8IK0009	1523	Generic Fresh Pizza Personal Computer	1	15	4	2023-05-08 00:49:04.503	2023-05-08 00:49:04.503
151	PLO4P70000	1388	Refined Concrete Hat Laptop	1	16	3	2023-05-08 00:49:04.531	2023-05-08 00:49:04.531
152	PLO4P70001	3418	Tasty Frozen Sausages Tablet	1	16	2	2023-05-08 00:49:04.531	2023-05-08 00:49:04.531
153	PLO4P70002	2557	Small Concrete Pants Phone	1	16	1	2023-05-08 00:49:04.531	2023-05-08 00:49:04.531
154	PLO4P70003	2194	Recycled Granite Ball Tablet	1	16	2	2023-05-08 00:49:04.531	2023-05-08 00:49:04.531
155	PLO4P70004	1598	Modern Cotton Tuna Laptop	1	16	3	2023-05-08 00:49:04.531	2023-05-08 00:49:04.531
156	PLO4P70005	2162	Licensed Fresh Sausages Foldable Phone	1	16	6	2023-05-08 00:49:04.531	2023-05-08 00:49:04.531
157	PLO4P70006	2071	Intelligent Metal Sausages Phone	1	16	1	2023-05-08 00:49:04.531	2023-05-08 00:49:04.531
158	PLO4P70007	2686	Gorgeous Concrete Mouse Phone	1	16	1	2023-05-08 00:49:04.531	2023-05-08 00:49:04.531
159	PLO4P70008	2541	Sleek Rubber Table Tablet	1	16	2	2023-05-08 00:49:04.531	2023-05-08 00:49:04.531
160	PLO4P70009	2651	Intelligent Rubber Cheese Personal Computer	1	16	4	2023-05-08 00:49:04.531	2023-05-08 00:49:04.531
161	JLF7P50000	2300	Awesome Steel Chicken Tablet	1	17	2	2023-05-08 00:49:04.56	2023-05-08 00:49:04.56
162	JLF7P50001	982	Tasty Steel Sausages Personal Computer	1	17	4	2023-05-08 00:49:04.56	2023-05-08 00:49:04.56
163	JLF7P50002	1751	Licensed Granite Pants Foldable Phone	1	17	6	2023-05-08 00:49:04.56	2023-05-08 00:49:04.56
164	JLF7P50003	3431	Intelligent Steel Pizza Phone	1	17	1	2023-05-08 00:49:04.56	2023-05-08 00:49:04.56
165	JLF7P50004	1122	Luxurious Bronze Pizza Tablet	1	17	2	2023-05-08 00:49:04.56	2023-05-08 00:49:04.56
166	JLF7P50005	2269	Handcrafted Soft Hat Foldable Phone	1	17	6	2023-05-08 00:49:04.56	2023-05-08 00:49:04.56
167	JLF7P50006	2590	Refined Frozen Bacon Foldable Phone	1	17	6	2023-05-08 00:49:04.56	2023-05-08 00:49:04.56
168	JLF7P50007	983	Gorgeous Metal Hat Phone	1	17	1	2023-05-08 00:49:04.56	2023-05-08 00:49:04.56
169	JLF7P50008	1825	Generic Concrete Pants Personal Computer	1	17	4	2023-05-08 00:49:04.56	2023-05-08 00:49:04.56
170	JLF7P50009	1542	Oriental Concrete Towels Laptop	1	17	3	2023-05-08 00:49:04.56	2023-05-08 00:49:04.56
171	N0D5OB0000	3447	Oriental Wooden Shirt Phone	1	18	1	2023-05-08 00:49:04.595	2023-05-08 00:49:04.595
172	N0D5OB0001	1428	Modern Wooden Pizza Phone	1	18	1	2023-05-08 00:49:04.595	2023-05-08 00:49:04.595
173	N0D5OB0002	1199	Modern Granite Salad Foldable Phone	1	18	6	2023-05-08 00:49:04.595	2023-05-08 00:49:04.595
174	N0D5OB0003	1573	Fantastic Cotton Chicken Laptop	1	18	3	2023-05-08 00:49:04.595	2023-05-08 00:49:04.595
175	N0D5OB0004	1952	Practical Rubber Soap Laptop	1	18	3	2023-05-08 00:49:04.595	2023-05-08 00:49:04.595
176	N0D5OB0005	898	Tasty Frozen Towels Foldable Phone	1	18	6	2023-05-08 00:49:04.595	2023-05-08 00:49:04.595
177	N0D5OB0006	1838	Sleek Cotton Pizza Laptop	1	18	3	2023-05-08 00:49:04.595	2023-05-08 00:49:04.595
178	N0D5OB0007	3146	Gorgeous Bronze Fish Personal Computer	1	18	4	2023-05-08 00:49:04.595	2023-05-08 00:49:04.595
179	N0D5OB0008	1000	Elegant Wooden Shoes Foldable Phone	1	18	6	2023-05-08 00:49:04.595	2023-05-08 00:49:04.595
180	N0D5OB0009	2795	Sleek Cotton Soap Personal Computer	1	18	4	2023-05-08 00:49:04.595	2023-05-08 00:49:04.595
181	D1F33F0000	1340	Small Frozen Hat Phone	1	19	1	2023-05-08 00:49:04.63	2023-05-08 00:49:04.63
182	D1F33F0001	1576	Small Granite Cheese Laptop	1	19	3	2023-05-08 00:49:04.63	2023-05-08 00:49:04.63
183	D1F33F0002	3139	Recycled Rubber Chair Tablet	1	19	2	2023-05-08 00:49:04.631	2023-05-08 00:49:04.631
184	D1F33F0003	2594	Recycled Metal Chips Laptop	1	19	3	2023-05-08 00:49:04.631	2023-05-08 00:49:04.631
185	D1F33F0004	3343	Handcrafted Soft Soap Phone	1	19	1	2023-05-08 00:49:04.631	2023-05-08 00:49:04.631
186	D1F33F0005	1641	Unbranded Rubber Fish Personal Computer	1	19	4	2023-05-08 00:49:04.631	2023-05-08 00:49:04.631
187	D1F33F0006	1206	Ergonomic Steel Computer Foldable Phone	1	19	6	2023-05-08 00:49:04.631	2023-05-08 00:49:04.631
188	D1F33F0007	2430	Oriental Rubber Car Laptop	1	19	3	2023-05-08 00:49:04.631	2023-05-08 00:49:04.631
189	D1F33F0008	605	Modern Bronze Table Laptop	1	19	3	2023-05-08 00:49:04.631	2023-05-08 00:49:04.631
190	D1F33F0009	3257	Intelligent Metal Fish Chromebook	1	19	5	2023-05-08 00:49:04.631	2023-05-08 00:49:04.631
191	GO22510000	3290	Refined Wooden Pants Laptop	1	20	3	2023-05-08 00:49:04.662	2023-05-08 00:49:04.662
192	GO22510001	1815	Elegant Fresh Bike Foldable Phone	1	20	6	2023-05-08 00:49:04.662	2023-05-08 00:49:04.662
193	GO22510002	2485	Ergonomic Metal Pants Laptop	1	20	3	2023-05-08 00:49:04.662	2023-05-08 00:49:04.662
194	GO22510003	1570	Gorgeous Rubber Towels Foldable Phone	1	20	6	2023-05-08 00:49:04.662	2023-05-08 00:49:04.662
195	GO22510004	1974	Intelligent Cotton Salad Tablet	1	20	2	2023-05-08 00:49:04.662	2023-05-08 00:49:04.662
196	GO22510005	1713	Ergonomic Steel Table Phone	1	20	1	2023-05-08 00:49:04.662	2023-05-08 00:49:04.662
197	GO22510006	3358	Refined Wooden Chicken Phone	1	20	1	2023-05-08 00:49:04.662	2023-05-08 00:49:04.662
198	GO22510007	2989	Tasty Bronze Soap Phone	1	20	1	2023-05-08 00:49:04.662	2023-05-08 00:49:04.662
199	GO22510008	1539	Modern Cotton Ball Tablet	1	20	2	2023-05-08 00:49:04.662	2023-05-08 00:49:04.662
200	GO22510009	2792	Handcrafted Plastic Salad Chromebook	1	20	5	2023-05-08 00:49:04.662	2023-05-08 00:49:04.662
201	IBNC4A0000	3333	Ergonomic Granite Shirt Phone	1	21	1	2023-05-08 00:49:04.701	2023-05-08 00:49:04.701
202	IBNC4A0001	1557	Electronic Fresh Tuna Foldable Phone	1	21	6	2023-05-08 00:49:04.701	2023-05-08 00:49:04.701
203	IBNC4A0002	1138	Refined Wooden Ball Foldable Phone	1	21	6	2023-05-08 00:49:04.701	2023-05-08 00:49:04.701
204	IBNC4A0003	1781	Tasty Bronze Table Chromebook	1	21	5	2023-05-08 00:49:04.701	2023-05-08 00:49:04.701
205	IBNC4A0004	2999	Electronic Frozen Shoes Tablet	1	21	2	2023-05-08 00:49:04.701	2023-05-08 00:49:04.701
206	IBNC4A0005	1898	Incredible Wooden Shirt Tablet	1	21	2	2023-05-08 00:49:04.701	2023-05-08 00:49:04.701
207	IBNC4A0006	825	Gorgeous Rubber Computer Tablet	1	21	2	2023-05-08 00:49:04.701	2023-05-08 00:49:04.701
208	IBNC4A0007	1399	Licensed Concrete Keyboard Foldable Phone	1	21	6	2023-05-08 00:49:04.701	2023-05-08 00:49:04.701
209	IBNC4A0008	1573	Ergonomic Soft Mouse Personal Computer	1	21	4	2023-05-08 00:49:04.701	2023-05-08 00:49:04.701
210	IBNC4A0009	3395	Practical Concrete Fish Laptop	1	21	3	2023-05-08 00:49:04.701	2023-05-08 00:49:04.701
211	M576490000	943	Handcrafted Frozen Pizza Phone	1	22	1	2023-05-08 00:49:04.736	2023-05-08 00:49:04.736
212	M576490001	1924	Handcrafted Steel Computer Phone	1	22	1	2023-05-08 00:49:04.736	2023-05-08 00:49:04.736
213	M576490002	1754	Small Concrete Towels Chromebook	1	22	5	2023-05-08 00:49:04.736	2023-05-08 00:49:04.736
214	M576490003	3046	Tasty Plastic Chicken Laptop	1	22	3	2023-05-08 00:49:04.736	2023-05-08 00:49:04.736
215	M576490004	1341	Ergonomic Frozen Pants Chromebook	1	22	5	2023-05-08 00:49:04.736	2023-05-08 00:49:04.736
216	M576490005	1977	Awesome Plastic Keyboard Personal Computer	1	22	4	2023-05-08 00:49:04.736	2023-05-08 00:49:04.736
217	M576490006	1269	Handcrafted Fresh Chips Laptop	1	22	3	2023-05-08 00:49:04.736	2023-05-08 00:49:04.736
218	M576490007	2436	Intelligent Cotton Gloves Laptop	1	22	3	2023-05-08 00:49:04.736	2023-05-08 00:49:04.736
219	M576490008	2780	Fantastic Wooden Computer Personal Computer	1	22	4	2023-05-08 00:49:04.736	2023-05-08 00:49:04.736
220	M576490009	603	Incredible Fresh Fish Phone	1	22	1	2023-05-08 00:49:04.736	2023-05-08 00:49:04.736
221	EIPPK30000	1182	Intelligent Fresh Chips Personal Computer	1	23	4	2023-05-08 00:49:04.775	2023-05-08 00:49:04.775
222	EIPPK30001	1484	Refined Cotton Ball Chromebook	1	23	5	2023-05-08 00:49:04.775	2023-05-08 00:49:04.775
223	EIPPK30002	2615	Handmade Metal Ball Tablet	1	23	2	2023-05-08 00:49:04.775	2023-05-08 00:49:04.775
224	EIPPK30003	2499	Electronic Fresh Tuna Laptop	1	23	3	2023-05-08 00:49:04.775	2023-05-08 00:49:04.775
225	EIPPK30004	1591	Unbranded Fresh Pants Foldable Phone	1	23	6	2023-05-08 00:49:04.775	2023-05-08 00:49:04.775
226	EIPPK30005	1041	Elegant Concrete Table Personal Computer	1	23	4	2023-05-08 00:49:04.775	2023-05-08 00:49:04.775
227	EIPPK30006	553	Incredible Concrete Salad Personal Computer	1	23	4	2023-05-08 00:49:04.775	2023-05-08 00:49:04.775
228	EIPPK30007	819	Refined Soft Chips Laptop	1	23	3	2023-05-08 00:49:04.775	2023-05-08 00:49:04.775
229	EIPPK30008	2067	Intelligent Bronze Pants Laptop	1	23	3	2023-05-08 00:49:04.775	2023-05-08 00:49:04.775
230	EIPPK30009	2302	Refined Wooden Soap Chromebook	1	23	5	2023-05-08 00:49:04.775	2023-05-08 00:49:04.775
231	DMBNJ00000	1145	Intelligent Plastic Soap Chromebook	1	24	5	2023-05-08 00:49:04.817	2023-05-08 00:49:04.817
232	DMBNJ00001	2207	Electronic Frozen Chicken Phone	1	24	1	2023-05-08 00:49:04.817	2023-05-08 00:49:04.817
233	DMBNJ00002	2098	Elegant Cotton Chips Chromebook	1	24	5	2023-05-08 00:49:04.817	2023-05-08 00:49:04.817
234	DMBNJ00003	2476	Licensed Bronze Towels Foldable Phone	1	24	6	2023-05-08 00:49:04.817	2023-05-08 00:49:04.817
235	DMBNJ00004	2024	Generic Rubber Cheese Phone	1	24	1	2023-05-08 00:49:04.817	2023-05-08 00:49:04.817
236	DMBNJ00005	1856	Electronic Soft Salad Phone	1	24	1	2023-05-08 00:49:04.817	2023-05-08 00:49:04.817
237	DMBNJ00006	645	Practical Plastic Table Phone	1	24	1	2023-05-08 00:49:04.817	2023-05-08 00:49:04.817
238	DMBNJ00007	528	Recycled Soft Ball Chromebook	1	24	5	2023-05-08 00:49:04.817	2023-05-08 00:49:04.817
239	DMBNJ00008	2028	Rustic Soft Towels Phone	1	24	1	2023-05-08 00:49:04.817	2023-05-08 00:49:04.817
240	DMBNJ00009	2458	Recycled Metal Towels Foldable Phone	1	24	6	2023-05-08 00:49:04.817	2023-05-08 00:49:04.817
241	1C15570000	2343	Small Rubber Car Phone	1	25	1	2023-05-08 00:49:04.856	2023-05-08 00:49:04.856
242	1C15570001	1023	Bespoke Cotton Chips Laptop	1	25	3	2023-05-08 00:49:04.856	2023-05-08 00:49:04.856
243	1C15570002	2018	Bespoke Plastic Soap Personal Computer	1	25	4	2023-05-08 00:49:04.856	2023-05-08 00:49:04.856
244	1C15570003	2625	Licensed Granite Pants Tablet	1	25	2	2023-05-08 00:49:04.856	2023-05-08 00:49:04.856
245	1C15570004	2874	Practical Frozen Gloves Tablet	1	25	2	2023-05-08 00:49:04.856	2023-05-08 00:49:04.856
246	1C15570005	2101	Ergonomic Soft Soap Foldable Phone	1	25	6	2023-05-08 00:49:04.856	2023-05-08 00:49:04.856
247	1C15570006	2905	Generic Metal Chair Personal Computer	1	25	4	2023-05-08 00:49:04.856	2023-05-08 00:49:04.856
248	1C15570007	2409	Refined Plastic Chicken Foldable Phone	1	25	6	2023-05-08 00:49:04.856	2023-05-08 00:49:04.856
249	1C15570008	1202	Awesome Concrete Towels Laptop	1	25	3	2023-05-08 00:49:04.856	2023-05-08 00:49:04.856
250	1C15570009	1296	Rustic Plastic Towels Phone	1	25	1	2023-05-08 00:49:04.856	2023-05-08 00:49:04.856
251	JIE31I0000	3252	Sleek Fresh Gloves Personal Computer	1	26	4	2023-05-08 00:49:04.902	2023-05-08 00:49:04.902
252	JIE31I0001	1280	Generic Wooden Mouse Laptop	1	26	3	2023-05-08 00:49:04.903	2023-05-08 00:49:04.903
253	JIE31I0002	1205	Modern Plastic Hat Phone	1	26	1	2023-05-08 00:49:04.903	2023-05-08 00:49:04.903
254	JIE31I0003	3184	Practical Wooden Keyboard Tablet	1	26	2	2023-05-08 00:49:04.903	2023-05-08 00:49:04.903
255	JIE31I0004	2027	Gorgeous Cotton Cheese Laptop	1	26	3	2023-05-08 00:49:04.903	2023-05-08 00:49:04.903
256	JIE31I0005	1103	Oriental Steel Chips Personal Computer	1	26	4	2023-05-08 00:49:04.903	2023-05-08 00:49:04.903
257	JIE31I0006	2431	Refined Bronze Mouse Phone	1	26	1	2023-05-08 00:49:04.903	2023-05-08 00:49:04.903
258	JIE31I0007	1611	Gorgeous Soft Towels Personal Computer	1	26	4	2023-05-08 00:49:04.903	2023-05-08 00:49:04.903
259	JIE31I0008	837	Bespoke Soft Cheese Foldable Phone	1	26	6	2023-05-08 00:49:04.903	2023-05-08 00:49:04.903
260	JIE31I0009	2597	Recycled Metal Car Laptop	1	26	3	2023-05-08 00:49:04.903	2023-05-08 00:49:04.903
261	C4GBI60000	3256	Oriental Cotton Shirt Foldable Phone	1	27	6	2023-05-08 00:49:04.954	2023-05-08 00:49:04.954
262	C4GBI60001	2039	Tasty Rubber Bike Laptop	1	27	3	2023-05-08 00:49:04.954	2023-05-08 00:49:04.954
263	C4GBI60002	1885	Oriental Plastic Gloves Phone	1	27	1	2023-05-08 00:49:04.954	2023-05-08 00:49:04.954
264	C4GBI60003	3388	Recycled Plastic Chicken Foldable Phone	1	27	6	2023-05-08 00:49:04.954	2023-05-08 00:49:04.954
265	C4GBI60004	771	Oriental Steel Sausages Laptop	1	27	3	2023-05-08 00:49:04.954	2023-05-08 00:49:04.954
266	C4GBI60005	2678	Electronic Fresh Chicken Laptop	1	27	3	2023-05-08 00:49:04.954	2023-05-08 00:49:04.954
267	C4GBI60006	1365	Incredible Wooden Sausages Tablet	1	27	2	2023-05-08 00:49:04.954	2023-05-08 00:49:04.954
268	C4GBI60007	3174	Unbranded Frozen Pizza Tablet	1	27	2	2023-05-08 00:49:04.954	2023-05-08 00:49:04.954
269	C4GBI60008	2920	Electronic Fresh Shoes Foldable Phone	1	27	6	2023-05-08 00:49:04.954	2023-05-08 00:49:04.954
270	C4GBI60009	1296	Electronic Frozen Towels Phone	1	27	1	2023-05-08 00:49:04.954	2023-05-08 00:49:04.954
271	9EB4HK0000	2445	Elegant Rubber Tuna Personal Computer	1	28	4	2023-05-08 00:49:04.995	2023-05-08 00:49:04.995
272	9EB4HK0001	2222	Sleek Wooden Towels Personal Computer	1	28	4	2023-05-08 00:49:04.995	2023-05-08 00:49:04.995
273	9EB4HK0002	3184	Electronic Wooden Chips Personal Computer	1	28	4	2023-05-08 00:49:04.995	2023-05-08 00:49:04.995
274	9EB4HK0003	1147	Practical Wooden Towels Chromebook	1	28	5	2023-05-08 00:49:04.995	2023-05-08 00:49:04.995
275	9EB4HK0004	2167	Fantastic Concrete Soap Phone	1	28	1	2023-05-08 00:49:04.995	2023-05-08 00:49:04.995
276	9EB4HK0005	1331	Generic Granite Shoes Phone	1	28	1	2023-05-08 00:49:04.995	2023-05-08 00:49:04.995
277	9EB4HK0006	658	Sleek Metal Towels Chromebook	1	28	5	2023-05-08 00:49:04.995	2023-05-08 00:49:04.995
278	9EB4HK0007	848	Tasty Steel Gloves Laptop	1	28	3	2023-05-08 00:49:04.995	2023-05-08 00:49:04.995
279	9EB4HK0008	1995	Small Plastic Pizza Personal Computer	1	28	4	2023-05-08 00:49:04.995	2023-05-08 00:49:04.995
280	9EB4HK0009	2364	Handcrafted Bronze Towels Chromebook	1	28	5	2023-05-08 00:49:04.995	2023-05-08 00:49:04.995
281	4ONH8H0000	780	Refined Metal Keyboard Phone	1	29	1	2023-05-08 00:49:05.026	2023-05-08 00:49:05.026
282	4ONH8H0001	2195	Rustic Bronze Pants Phone	1	29	1	2023-05-08 00:49:05.026	2023-05-08 00:49:05.026
283	4ONH8H0002	2774	Handmade Wooden Gloves Personal Computer	1	29	4	2023-05-08 00:49:05.026	2023-05-08 00:49:05.026
284	4ONH8H0003	2560	Practical Metal Computer Tablet	1	29	2	2023-05-08 00:49:05.026	2023-05-08 00:49:05.026
285	4ONH8H0004	1196	Licensed Plastic Pizza Tablet	1	29	2	2023-05-08 00:49:05.026	2023-05-08 00:49:05.026
286	4ONH8H0005	667	Recycled Frozen Mouse Tablet	1	29	2	2023-05-08 00:49:05.026	2023-05-08 00:49:05.026
287	4ONH8H0006	2296	Sleek Metal Hat Foldable Phone	1	29	6	2023-05-08 00:49:05.026	2023-05-08 00:49:05.026
288	4ONH8H0007	2668	Gorgeous Wooden Shoes Chromebook	1	29	5	2023-05-08 00:49:05.026	2023-05-08 00:49:05.026
289	4ONH8H0008	1872	Gorgeous Concrete Chair Chromebook	1	29	5	2023-05-08 00:49:05.026	2023-05-08 00:49:05.026
290	4ONH8H0009	2931	Refined Granite Pizza Laptop	1	29	3	2023-05-08 00:49:05.026	2023-05-08 00:49:05.026
291	16401L0000	1660	Electronic Steel Car Personal Computer	1	30	4	2023-05-08 00:49:05.051	2023-05-08 00:49:05.051
292	16401L0001	1909	Handmade Fresh Gloves Tablet	1	30	2	2023-05-08 00:49:05.051	2023-05-08 00:49:05.051
293	16401L0002	727	Oriental Soft Bike Personal Computer	1	30	4	2023-05-08 00:49:05.051	2023-05-08 00:49:05.051
294	16401L0003	1390	Bespoke Bronze Shoes Phone	1	30	1	2023-05-08 00:49:05.051	2023-05-08 00:49:05.051
295	16401L0004	3451	Fantastic Granite Tuna Chromebook	1	30	5	2023-05-08 00:49:05.051	2023-05-08 00:49:05.051
296	16401L0005	1976	Intelligent Rubber Chair Foldable Phone	1	30	6	2023-05-08 00:49:05.051	2023-05-08 00:49:05.051
297	16401L0006	2010	Unbranded Cotton Keyboard Phone	1	30	1	2023-05-08 00:49:05.051	2023-05-08 00:49:05.051
298	16401L0007	825	Incredible Cotton Pants Phone	1	30	1	2023-05-08 00:49:05.051	2023-05-08 00:49:05.051
299	16401L0008	940	Awesome Bronze Shirt Personal Computer	1	30	4	2023-05-08 00:49:05.051	2023-05-08 00:49:05.051
300	16401L0009	2490	Sleek Metal Towels Phone	1	30	1	2023-05-08 00:49:05.051	2023-05-08 00:49:05.051
\.


--
-- Data for Name: products_colors; Type: TABLE DATA; Schema: public; Owner: postgres
--

COPY public.products_colors ("productsId", "colorsId", photos) FROM stdin;
1	7	https://dummyimage.com/600x400/80a8cc/333.png&text=Gorgeous+Concrete+Chicken+Personal+Computer
1	6	https://dummyimage.com/600x400/7fbfbf/333.png&text=Gorgeous+Concrete+Chicken+Personal+Computer
1	9	https://dummyimage.com/600x400/fde6d9/333.png&text=Gorgeous+Concrete+Chicken+Personal+Computer
1	3	https://dummyimage.com/600x400/7f7fff/333.png&text=Gorgeous+Concrete+Chicken+Personal+Computer
2	8	https://dummyimage.com/600x400/d8a8b6/333.png&text=Oriental+Steel+Computer+Personal+Computer
2	6	https://dummyimage.com/600x400/7fbfbf/333.png&text=Oriental+Steel+Computer+Personal+Computer
3	5	https://dummyimage.com/600x400/bfbfbf/333.png&text=Elegant+Bronze+Tuna+Laptop
3	6	https://dummyimage.com/600x400/7fbfbf/333.png&text=Elegant+Bronze+Tuna+Laptop
3	2	https://dummyimage.com/600x400/7fff7f/333.png&text=Elegant+Bronze+Tuna+Laptop
3	4	https://dummyimage.com/600x400/ffffff/333.png&text=Elegant+Bronze+Tuna+Laptop
4	1	https://dummyimage.com/600x400/ff7f7f/333.png&text=Elegant+Soft+Computer+Foldable+Phone
4	4	https://dummyimage.com/600x400/ffffff/333.png&text=Elegant+Soft+Computer+Foldable+Phone
4	5	https://dummyimage.com/600x400/bfbfbf/333.png&text=Elegant+Soft+Computer+Foldable+Phone
5	3	https://dummyimage.com/600x400/7f7fff/333.png&text=Fantastic+Bronze+Salad+Personal+Computer
5	2	https://dummyimage.com/600x400/7fff7f/333.png&text=Fantastic+Bronze+Salad+Personal+Computer
5	6	https://dummyimage.com/600x400/7fbfbf/333.png&text=Fantastic+Bronze+Salad+Personal+Computer
5	1	https://dummyimage.com/600x400/ff7f7f/333.png&text=Fantastic+Bronze+Salad+Personal+Computer
6	1	https://dummyimage.com/600x400/ff7f7f/333.png&text=Luxurious+Bronze+Gloves+Chromebook
6	2	https://dummyimage.com/600x400/7fff7f/333.png&text=Luxurious+Bronze+Gloves+Chromebook
7	4	https://dummyimage.com/600x400/ffffff/333.png&text=Small+Soft+Computer+Personal+Computer
7	7	https://dummyimage.com/600x400/80a8cc/333.png&text=Small+Soft+Computer+Personal+Computer
7	3	https://dummyimage.com/600x400/7f7fff/333.png&text=Small+Soft+Computer+Personal+Computer
8	5	https://dummyimage.com/600x400/bfbfbf/333.png&text=Electronic+Steel+Salad+Phone
8	6	https://dummyimage.com/600x400/7fbfbf/333.png&text=Electronic+Steel+Salad+Phone
8	7	https://dummyimage.com/600x400/80a8cc/333.png&text=Electronic+Steel+Salad+Phone
8	8	https://dummyimage.com/600x400/d8a8b6/333.png&text=Electronic+Steel+Salad+Phone
9	4	https://dummyimage.com/600x400/ffffff/333.png&text=Fantastic+Wooden+Pizza+Foldable+Phone
9	6	https://dummyimage.com/600x400/7fbfbf/333.png&text=Fantastic+Wooden+Pizza+Foldable+Phone
10	5	https://dummyimage.com/600x400/bfbfbf/333.png&text=Awesome+Concrete+Shoes+Phone
10	4	https://dummyimage.com/600x400/ffffff/333.png&text=Awesome+Concrete+Shoes+Phone
10	3	https://dummyimage.com/600x400/7f7fff/333.png&text=Awesome+Concrete+Shoes+Phone
11	5	https://dummyimage.com/600x400/bfbfbf/333.png&text=Intelligent+Frozen+Pizza+Chromebook
11	6	https://dummyimage.com/600x400/7fbfbf/333.png&text=Intelligent+Frozen+Pizza+Chromebook
11	8	https://dummyimage.com/600x400/d8a8b6/333.png&text=Intelligent+Frozen+Pizza+Chromebook
12	2	https://dummyimage.com/600x400/7fff7f/333.png&text=Small+Cotton+Salad+Phone
12	9	https://dummyimage.com/600x400/fde6d9/333.png&text=Small+Cotton+Salad+Phone
12	6	https://dummyimage.com/600x400/7fbfbf/333.png&text=Small+Cotton+Salad+Phone
13	3	https://dummyimage.com/600x400/7f7fff/333.png&text=Unbranded+Concrete+Tuna+Foldable+Phone
13	9	https://dummyimage.com/600x400/fde6d9/333.png&text=Unbranded+Concrete+Tuna+Foldable+Phone
13	2	https://dummyimage.com/600x400/7fff7f/333.png&text=Unbranded+Concrete+Tuna+Foldable+Phone
14	5	https://dummyimage.com/600x400/bfbfbf/333.png&text=Bespoke+Rubber+Chicken+Phone
14	4	https://dummyimage.com/600x400/ffffff/333.png&text=Bespoke+Rubber+Chicken+Phone
15	4	https://dummyimage.com/600x400/ffffff/333.png&text=Licensed+Soft+Hat+Phone
15	9	https://dummyimage.com/600x400/fde6d9/333.png&text=Licensed+Soft+Hat+Phone
15	1	https://dummyimage.com/600x400/ff7f7f/333.png&text=Licensed+Soft+Hat+Phone
16	4	https://dummyimage.com/600x400/ffffff/333.png&text=Recycled+Granite+Tuna+Foldable+Phone
16	6	https://dummyimage.com/600x400/7fbfbf/333.png&text=Recycled+Granite+Tuna+Foldable+Phone
16	1	https://dummyimage.com/600x400/ff7f7f/333.png&text=Recycled+Granite+Tuna+Foldable+Phone
16	2	https://dummyimage.com/600x400/7fff7f/333.png&text=Recycled+Granite+Tuna+Foldable+Phone
17	2	https://dummyimage.com/600x400/7fff7f/333.png&text=Handmade+Plastic+Mouse+Tablet
17	1	https://dummyimage.com/600x400/ff7f7f/333.png&text=Handmade+Plastic+Mouse+Tablet
18	7	https://dummyimage.com/600x400/80a8cc/333.png&text=Small+Plastic+Ball+Personal+Computer
18	1	https://dummyimage.com/600x400/ff7f7f/333.png&text=Small+Plastic+Ball+Personal+Computer
18	9	https://dummyimage.com/600x400/fde6d9/333.png&text=Small+Plastic+Ball+Personal+Computer
19	7	https://dummyimage.com/600x400/80a8cc/333.png&text=Licensed+Fresh+Bacon+Tablet
19	1	https://dummyimage.com/600x400/ff7f7f/333.png&text=Licensed+Fresh+Bacon+Tablet
19	6	https://dummyimage.com/600x400/7fbfbf/333.png&text=Licensed+Fresh+Bacon+Tablet
19	3	https://dummyimage.com/600x400/7f7fff/333.png&text=Licensed+Fresh+Bacon+Tablet
20	5	https://dummyimage.com/600x400/bfbfbf/333.png&text=Generic+Plastic+Towels+Foldable+Phone
20	3	https://dummyimage.com/600x400/7f7fff/333.png&text=Generic+Plastic+Towels+Foldable+Phone
20	6	https://dummyimage.com/600x400/7fbfbf/333.png&text=Generic+Plastic+Towels+Foldable+Phone
22	1	https://dummyimage.com/600x400/ff7f7f/333.png&text=Ergonomic+Frozen+Table+Laptop
23	5	https://dummyimage.com/600x400/bfbfbf/333.png&text=Refined+Bronze+Keyboard+Foldable+Phone
21	8	https://dummyimage.com/600x400/d8a8b6/333.png&text=Fantastic+Fresh+Car+Phone
21	5	https://dummyimage.com/600x400/bfbfbf/333.png&text=Fantastic+Fresh+Car+Phone
22	8	https://dummyimage.com/600x400/d8a8b6/333.png&text=Ergonomic+Frozen+Table+Laptop
22	9	https://dummyimage.com/600x400/fde6d9/333.png&text=Ergonomic+Frozen+Table+Laptop
22	2	https://dummyimage.com/600x400/7fff7f/333.png&text=Ergonomic+Frozen+Table+Laptop
23	8	https://dummyimage.com/600x400/d8a8b6/333.png&text=Refined+Bronze+Keyboard+Foldable+Phone
24	8	https://dummyimage.com/600x400/d8a8b6/333.png&text=Fantastic+Wooden+Shirt+Foldable+Phone
24	3	https://dummyimage.com/600x400/7f7fff/333.png&text=Fantastic+Wooden+Shirt+Foldable+Phone
24	6	https://dummyimage.com/600x400/7fbfbf/333.png&text=Fantastic+Wooden+Shirt+Foldable+Phone
24	1	https://dummyimage.com/600x400/ff7f7f/333.png&text=Fantastic+Wooden+Shirt+Foldable+Phone
25	3	https://dummyimage.com/600x400/7f7fff/333.png&text=Rustic+Rubber+Mouse+Phone
25	6	https://dummyimage.com/600x400/7fbfbf/333.png&text=Rustic+Rubber+Mouse+Phone
25	9	https://dummyimage.com/600x400/fde6d9/333.png&text=Rustic+Rubber+Mouse+Phone
26	6	https://dummyimage.com/600x400/7fbfbf/333.png&text=Gorgeous+Granite+Pizza+Phone
26	1	https://dummyimage.com/600x400/ff7f7f/333.png&text=Gorgeous+Granite+Pizza+Phone
27	6	https://dummyimage.com/600x400/7fbfbf/333.png&text=Refined+Rubber+Tuna+Foldable+Phone
27	9	https://dummyimage.com/600x400/fde6d9/333.png&text=Refined+Rubber+Tuna+Foldable+Phone
28	8	https://dummyimage.com/600x400/d8a8b6/333.png&text=Incredible+Concrete+Table+Phone
28	6	https://dummyimage.com/600x400/7fbfbf/333.png&text=Incredible+Concrete+Table+Phone
29	1	https://dummyimage.com/600x400/ff7f7f/333.png&text=Recycled+Wooden+Towels+Foldable+Phone
29	4	https://dummyimage.com/600x400/ffffff/333.png&text=Recycled+Wooden+Towels+Foldable+Phone
29	7	https://dummyimage.com/600x400/80a8cc/333.png&text=Recycled+Wooden+Towels+Foldable+Phone
29	2	https://dummyimage.com/600x400/7fff7f/333.png&text=Recycled+Wooden+Towels+Foldable+Phone
30	1	https://dummyimage.com/600x400/ff7f7f/333.png&text=Intelligent+Rubber+Pants+Phone
30	4	https://dummyimage.com/600x400/ffffff/333.png&text=Intelligent+Rubber+Pants+Phone
30	6	https://dummyimage.com/600x400/7fbfbf/333.png&text=Intelligent+Rubber+Pants+Phone
31	9	https://dummyimage.com/600x400/fde6d9/333.png&text=Licensed+Fresh+Chicken+Laptop
31	3	https://dummyimage.com/600x400/7f7fff/333.png&text=Licensed+Fresh+Chicken+Laptop
32	3	https://dummyimage.com/600x400/7f7fff/333.png&text=Bespoke+Bronze+Shoes+Foldable+Phone
32	2	https://dummyimage.com/600x400/7fff7f/333.png&text=Bespoke+Bronze+Shoes+Foldable+Phone
33	9	https://dummyimage.com/600x400/fde6d9/333.png&text=Handcrafted+Bronze+Salad+Personal+Computer
33	7	https://dummyimage.com/600x400/80a8cc/333.png&text=Handcrafted+Bronze+Salad+Personal+Computer
33	3	https://dummyimage.com/600x400/7f7fff/333.png&text=Handcrafted+Bronze+Salad+Personal+Computer
34	7	https://dummyimage.com/600x400/80a8cc/333.png&text=Luxurious+Granite+Shirt+Laptop
34	8	https://dummyimage.com/600x400/d8a8b6/333.png&text=Luxurious+Granite+Shirt+Laptop
34	6	https://dummyimage.com/600x400/7fbfbf/333.png&text=Luxurious+Granite+Shirt+Laptop
34	5	https://dummyimage.com/600x400/bfbfbf/333.png&text=Luxurious+Granite+Shirt+Laptop
35	9	https://dummyimage.com/600x400/fde6d9/333.png&text=Awesome+Fresh+Shirt+Phone
35	6	https://dummyimage.com/600x400/7fbfbf/333.png&text=Awesome+Fresh+Shirt+Phone
36	1	https://dummyimage.com/600x400/ff7f7f/333.png&text=Refined+Cotton+Pizza+Laptop
36	6	https://dummyimage.com/600x400/7fbfbf/333.png&text=Refined+Cotton+Pizza+Laptop
36	9	https://dummyimage.com/600x400/fde6d9/333.png&text=Refined+Cotton+Pizza+Laptop
37	1	https://dummyimage.com/600x400/ff7f7f/333.png&text=Electronic+Metal+Car+Laptop
37	2	https://dummyimage.com/600x400/7fff7f/333.png&text=Electronic+Metal+Car+Laptop
38	8	https://dummyimage.com/600x400/d8a8b6/333.png&text=Fantastic+Plastic+Gloves+Chromebook
38	3	https://dummyimage.com/600x400/7f7fff/333.png&text=Fantastic+Plastic+Gloves+Chromebook
39	7	https://dummyimage.com/600x400/80a8cc/333.png&text=Handmade+Rubber+Gloves+Phone
39	3	https://dummyimage.com/600x400/7f7fff/333.png&text=Handmade+Rubber+Gloves+Phone
40	2	https://dummyimage.com/600x400/7fff7f/333.png&text=Electronic+Granite+Tuna+Phone
40	4	https://dummyimage.com/600x400/ffffff/333.png&text=Electronic+Granite+Tuna+Phone
41	7	https://dummyimage.com/600x400/80a8cc/333.png&text=Refined+Wooden+Fish+Chromebook
41	2	https://dummyimage.com/600x400/7fff7f/333.png&text=Refined+Wooden+Fish+Chromebook
41	9	https://dummyimage.com/600x400/fde6d9/333.png&text=Refined+Wooden+Fish+Chromebook
41	1	https://dummyimage.com/600x400/ff7f7f/333.png&text=Refined+Wooden+Fish+Chromebook
42	9	https://dummyimage.com/600x400/fde6d9/333.png&text=Electronic+Fresh+Pants+Personal+Computer
42	3	https://dummyimage.com/600x400/7f7fff/333.png&text=Electronic+Fresh+Pants+Personal+Computer
42	2	https://dummyimage.com/600x400/7fff7f/333.png&text=Electronic+Fresh+Pants+Personal+Computer
44	1	https://dummyimage.com/600x400/ff7f7f/333.png&text=Handmade+Frozen+Pants+Foldable+Phone
45	3	https://dummyimage.com/600x400/7f7fff/333.png&text=Fantastic+Cotton+Keyboard+Phone
46	4	https://dummyimage.com/600x400/ffffff/333.png&text=Electronic+Bronze+Shoes+Personal+Computer
47	8	https://dummyimage.com/600x400/d8a8b6/333.png&text=Intelligent+Steel+Table+Chromebook
49	9	https://dummyimage.com/600x400/fde6d9/333.png&text=Recycled+Cotton+Computer+Tablet
50	9	https://dummyimage.com/600x400/fde6d9/333.png&text=Modern+Frozen+Gloves+Phone
42	6	https://dummyimage.com/600x400/7fbfbf/333.png&text=Electronic+Fresh+Pants+Personal+Computer
43	3	https://dummyimage.com/600x400/7f7fff/333.png&text=Bespoke+Fresh+Keyboard+Laptop
43	2	https://dummyimage.com/600x400/7fff7f/333.png&text=Bespoke+Fresh+Keyboard+Laptop
43	8	https://dummyimage.com/600x400/d8a8b6/333.png&text=Bespoke+Fresh+Keyboard+Laptop
44	2	https://dummyimage.com/600x400/7fff7f/333.png&text=Handmade+Frozen+Pants+Foldable+Phone
44	6	https://dummyimage.com/600x400/7fbfbf/333.png&text=Handmade+Frozen+Pants+Foldable+Phone
44	3	https://dummyimage.com/600x400/7f7fff/333.png&text=Handmade+Frozen+Pants+Foldable+Phone
45	4	https://dummyimage.com/600x400/ffffff/333.png&text=Fantastic+Cotton+Keyboard+Phone
45	2	https://dummyimage.com/600x400/7fff7f/333.png&text=Fantastic+Cotton+Keyboard+Phone
45	1	https://dummyimage.com/600x400/ff7f7f/333.png&text=Fantastic+Cotton+Keyboard+Phone
46	8	https://dummyimage.com/600x400/d8a8b6/333.png&text=Electronic+Bronze+Shoes+Personal+Computer
47	3	https://dummyimage.com/600x400/7f7fff/333.png&text=Intelligent+Steel+Table+Chromebook
47	7	https://dummyimage.com/600x400/80a8cc/333.png&text=Intelligent+Steel+Table+Chromebook
47	6	https://dummyimage.com/600x400/7fbfbf/333.png&text=Intelligent+Steel+Table+Chromebook
48	9	https://dummyimage.com/600x400/fde6d9/333.png&text=Luxurious+Wooden+Pizza+Personal+Computer
48	7	https://dummyimage.com/600x400/80a8cc/333.png&text=Luxurious+Wooden+Pizza+Personal+Computer
49	4	https://dummyimage.com/600x400/ffffff/333.png&text=Recycled+Cotton+Computer+Tablet
50	1	https://dummyimage.com/600x400/ff7f7f/333.png&text=Modern+Frozen+Gloves+Phone
50	5	https://dummyimage.com/600x400/bfbfbf/333.png&text=Modern+Frozen+Gloves+Phone
51	6	https://dummyimage.com/600x400/7fbfbf/333.png&text=Rustic+Plastic+Tuna+Phone
51	9	https://dummyimage.com/600x400/fde6d9/333.png&text=Rustic+Plastic+Tuna+Phone
52	9	https://dummyimage.com/600x400/fde6d9/333.png&text=Small+Granite+Mouse+Phone
52	4	https://dummyimage.com/600x400/ffffff/333.png&text=Small+Granite+Mouse+Phone
52	1	https://dummyimage.com/600x400/ff7f7f/333.png&text=Small+Granite+Mouse+Phone
52	2	https://dummyimage.com/600x400/7fff7f/333.png&text=Small+Granite+Mouse+Phone
53	2	https://dummyimage.com/600x400/7fff7f/333.png&text=Incredible+Frozen+Soap+Phone
53	9	https://dummyimage.com/600x400/fde6d9/333.png&text=Incredible+Frozen+Soap+Phone
53	1	https://dummyimage.com/600x400/ff7f7f/333.png&text=Incredible+Frozen+Soap+Phone
54	2	https://dummyimage.com/600x400/7fff7f/333.png&text=Ergonomic+Frozen+Shoes+Personal+Computer
54	3	https://dummyimage.com/600x400/7f7fff/333.png&text=Ergonomic+Frozen+Shoes+Personal+Computer
55	8	https://dummyimage.com/600x400/d8a8b6/333.png&text=Incredible+Cotton+Bacon+Personal+Computer
55	9	https://dummyimage.com/600x400/fde6d9/333.png&text=Incredible+Cotton+Bacon+Personal+Computer
55	3	https://dummyimage.com/600x400/7f7fff/333.png&text=Incredible+Cotton+Bacon+Personal+Computer
55	2	https://dummyimage.com/600x400/7fff7f/333.png&text=Incredible+Cotton+Bacon+Personal+Computer
56	8	https://dummyimage.com/600x400/d8a8b6/333.png&text=Recycled+Cotton+Mouse+Chromebook
56	5	https://dummyimage.com/600x400/bfbfbf/333.png&text=Recycled+Cotton+Mouse+Chromebook
56	6	https://dummyimage.com/600x400/7fbfbf/333.png&text=Recycled+Cotton+Mouse+Chromebook
56	1	https://dummyimage.com/600x400/ff7f7f/333.png&text=Recycled+Cotton+Mouse+Chromebook
57	4	https://dummyimage.com/600x400/ffffff/333.png&text=Recycled+Bronze+Table+Foldable+Phone
57	1	https://dummyimage.com/600x400/ff7f7f/333.png&text=Recycled+Bronze+Table+Foldable+Phone
57	8	https://dummyimage.com/600x400/d8a8b6/333.png&text=Recycled+Bronze+Table+Foldable+Phone
57	7	https://dummyimage.com/600x400/80a8cc/333.png&text=Recycled+Bronze+Table+Foldable+Phone
58	7	https://dummyimage.com/600x400/80a8cc/333.png&text=Modern+Wooden+Table+Phone
58	4	https://dummyimage.com/600x400/ffffff/333.png&text=Modern+Wooden+Table+Phone
58	9	https://dummyimage.com/600x400/fde6d9/333.png&text=Modern+Wooden+Table+Phone
58	3	https://dummyimage.com/600x400/7f7fff/333.png&text=Modern+Wooden+Table+Phone
59	4	https://dummyimage.com/600x400/ffffff/333.png&text=Handmade+Fresh+Pizza+Tablet
59	2	https://dummyimage.com/600x400/7fff7f/333.png&text=Handmade+Fresh+Pizza+Tablet
60	1	https://dummyimage.com/600x400/ff7f7f/333.png&text=Oriental+Wooden+Pants+Personal+Computer
60	2	https://dummyimage.com/600x400/7fff7f/333.png&text=Oriental+Wooden+Pants+Personal+Computer
61	2	https://dummyimage.com/600x400/7fff7f/333.png&text=Intelligent+Wooden+Tuna+Phone
61	1	https://dummyimage.com/600x400/ff7f7f/333.png&text=Intelligent+Wooden+Tuna+Phone
61	3	https://dummyimage.com/600x400/7f7fff/333.png&text=Intelligent+Wooden+Tuna+Phone
61	9	https://dummyimage.com/600x400/fde6d9/333.png&text=Intelligent+Wooden+Tuna+Phone
62	1	https://dummyimage.com/600x400/ff7f7f/333.png&text=Recycled+Steel+Chicken+Personal+Computer
62	2	https://dummyimage.com/600x400/7fff7f/333.png&text=Recycled+Steel+Chicken+Personal+Computer
62	3	https://dummyimage.com/600x400/7f7fff/333.png&text=Recycled+Steel+Chicken+Personal+Computer
62	9	https://dummyimage.com/600x400/fde6d9/333.png&text=Recycled+Steel+Chicken+Personal+Computer
63	1	https://dummyimage.com/600x400/ff7f7f/333.png&text=Bespoke+Cotton+Computer+Personal+Computer
63	4	https://dummyimage.com/600x400/ffffff/333.png&text=Bespoke+Cotton+Computer+Personal+Computer
64	3	https://dummyimage.com/600x400/7f7fff/333.png&text=Modern+Granite+Tuna+Foldable+Phone
65	2	https://dummyimage.com/600x400/7fff7f/333.png&text=Tasty+Metal+Chips+Personal+Computer
66	1	https://dummyimage.com/600x400/ff7f7f/333.png&text=Licensed+Granite+Cheese+Phone
63	5	https://dummyimage.com/600x400/bfbfbf/333.png&text=Bespoke+Cotton+Computer+Personal+Computer
63	9	https://dummyimage.com/600x400/fde6d9/333.png&text=Bespoke+Cotton+Computer+Personal+Computer
64	5	https://dummyimage.com/600x400/bfbfbf/333.png&text=Modern+Granite+Tuna+Foldable+Phone
64	6	https://dummyimage.com/600x400/7fbfbf/333.png&text=Modern+Granite+Tuna+Foldable+Phone
65	3	https://dummyimage.com/600x400/7f7fff/333.png&text=Tasty+Metal+Chips+Personal+Computer
65	5	https://dummyimage.com/600x400/bfbfbf/333.png&text=Tasty+Metal+Chips+Personal+Computer
65	6	https://dummyimage.com/600x400/7fbfbf/333.png&text=Tasty+Metal+Chips+Personal+Computer
66	9	https://dummyimage.com/600x400/fde6d9/333.png&text=Licensed+Granite+Cheese+Phone
67	7	https://dummyimage.com/600x400/80a8cc/333.png&text=Unbranded+Rubber+Car+Phone
67	6	https://dummyimage.com/600x400/7fbfbf/333.png&text=Unbranded+Rubber+Car+Phone
67	3	https://dummyimage.com/600x400/7f7fff/333.png&text=Unbranded+Rubber+Car+Phone
68	4	https://dummyimage.com/600x400/ffffff/333.png&text=Rustic+Wooden+Bacon+Phone
68	8	https://dummyimage.com/600x400/d8a8b6/333.png&text=Rustic+Wooden+Bacon+Phone
69	6	https://dummyimage.com/600x400/7fbfbf/333.png&text=Modern+Soft+Chair+Chromebook
69	7	https://dummyimage.com/600x400/80a8cc/333.png&text=Modern+Soft+Chair+Chromebook
70	5	https://dummyimage.com/600x400/bfbfbf/333.png&text=Handmade+Metal+Computer+Personal+Computer
70	7	https://dummyimage.com/600x400/80a8cc/333.png&text=Handmade+Metal+Computer+Personal+Computer
70	1	https://dummyimage.com/600x400/ff7f7f/333.png&text=Handmade+Metal+Computer+Personal+Computer
70	2	https://dummyimage.com/600x400/7fff7f/333.png&text=Handmade+Metal+Computer+Personal+Computer
71	2	https://dummyimage.com/600x400/7fff7f/333.png&text=Rustic+Concrete+Tuna+Tablet
71	8	https://dummyimage.com/600x400/d8a8b6/333.png&text=Rustic+Concrete+Tuna+Tablet
71	7	https://dummyimage.com/600x400/80a8cc/333.png&text=Rustic+Concrete+Tuna+Tablet
71	6	https://dummyimage.com/600x400/7fbfbf/333.png&text=Rustic+Concrete+Tuna+Tablet
72	2	https://dummyimage.com/600x400/7fff7f/333.png&text=Licensed+Plastic+Pizza+Phone
72	3	https://dummyimage.com/600x400/7f7fff/333.png&text=Licensed+Plastic+Pizza+Phone
73	9	https://dummyimage.com/600x400/fde6d9/333.png&text=Small+Wooden+Pants+Phone
73	2	https://dummyimage.com/600x400/7fff7f/333.png&text=Small+Wooden+Pants+Phone
73	1	https://dummyimage.com/600x400/ff7f7f/333.png&text=Small+Wooden+Pants+Phone
73	8	https://dummyimage.com/600x400/d8a8b6/333.png&text=Small+Wooden+Pants+Phone
74	3	https://dummyimage.com/600x400/7f7fff/333.png&text=Handcrafted+Metal+Salad+Laptop
74	2	https://dummyimage.com/600x400/7fff7f/333.png&text=Handcrafted+Metal+Salad+Laptop
75	6	https://dummyimage.com/600x400/7fbfbf/333.png&text=Fantastic+Soft+Pizza+Chromebook
75	8	https://dummyimage.com/600x400/d8a8b6/333.png&text=Fantastic+Soft+Pizza+Chromebook
76	8	https://dummyimage.com/600x400/d8a8b6/333.png&text=Tasty+Wooden+Pizza+Personal+Computer
76	4	https://dummyimage.com/600x400/ffffff/333.png&text=Tasty+Wooden+Pizza+Personal+Computer
76	7	https://dummyimage.com/600x400/80a8cc/333.png&text=Tasty+Wooden+Pizza+Personal+Computer
77	1	https://dummyimage.com/600x400/ff7f7f/333.png&text=Intelligent+Cotton+Table+Chromebook
77	6	https://dummyimage.com/600x400/7fbfbf/333.png&text=Intelligent+Cotton+Table+Chromebook
77	2	https://dummyimage.com/600x400/7fff7f/333.png&text=Intelligent+Cotton+Table+Chromebook
78	8	https://dummyimage.com/600x400/d8a8b6/333.png&text=Intelligent+Steel+Ball+Phone
78	1	https://dummyimage.com/600x400/ff7f7f/333.png&text=Intelligent+Steel+Ball+Phone
79	9	https://dummyimage.com/600x400/fde6d9/333.png&text=Bespoke+Cotton+Tuna+Phone
79	8	https://dummyimage.com/600x400/d8a8b6/333.png&text=Bespoke+Cotton+Tuna+Phone
80	4	https://dummyimage.com/600x400/ffffff/333.png&text=Generic+Cotton+Keyboard+Personal+Computer
80	7	https://dummyimage.com/600x400/80a8cc/333.png&text=Generic+Cotton+Keyboard+Personal+Computer
80	6	https://dummyimage.com/600x400/7fbfbf/333.png&text=Generic+Cotton+Keyboard+Personal+Computer
80	3	https://dummyimage.com/600x400/7f7fff/333.png&text=Generic+Cotton+Keyboard+Personal+Computer
81	8	https://dummyimage.com/600x400/d8a8b6/333.png&text=Gorgeous+Plastic+Tuna+Personal+Computer
81	1	https://dummyimage.com/600x400/ff7f7f/333.png&text=Gorgeous+Plastic+Tuna+Personal+Computer
82	7	https://dummyimage.com/600x400/80a8cc/333.png&text=Electronic+Soft+Salad+Phone
82	1	https://dummyimage.com/600x400/ff7f7f/333.png&text=Electronic+Soft+Salad+Phone
82	2	https://dummyimage.com/600x400/7fff7f/333.png&text=Electronic+Soft+Salad+Phone
82	4	https://dummyimage.com/600x400/ffffff/333.png&text=Electronic+Soft+Salad+Phone
83	1	https://dummyimage.com/600x400/ff7f7f/333.png&text=Handcrafted+Frozen+Chicken+Phone
83	2	https://dummyimage.com/600x400/7fff7f/333.png&text=Handcrafted+Frozen+Chicken+Phone
83	3	https://dummyimage.com/600x400/7f7fff/333.png&text=Handcrafted+Frozen+Chicken+Phone
83	7	https://dummyimage.com/600x400/80a8cc/333.png&text=Handcrafted+Frozen+Chicken+Phone
84	1	https://dummyimage.com/600x400/ff7f7f/333.png&text=Tasty+Granite+Car+Phone
84	2	https://dummyimage.com/600x400/7fff7f/333.png&text=Tasty+Granite+Car+Phone
84	6	https://dummyimage.com/600x400/7fbfbf/333.png&text=Tasty+Granite+Car+Phone
85	7	https://dummyimage.com/600x400/80a8cc/333.png&text=Luxurious+Concrete+Chips+Personal+Computer
87	1	https://dummyimage.com/600x400/ff7f7f/333.png&text=Modern+Steel+Chips+Tablet
89	9	https://dummyimage.com/600x400/fde6d9/333.png&text=Rustic+Fresh+Mouse+Tablet
90	2	https://dummyimage.com/600x400/7fff7f/333.png&text=Elegant+Steel+Pizza+Phone
84	5	https://dummyimage.com/600x400/bfbfbf/333.png&text=Tasty+Granite+Car+Phone
85	3	https://dummyimage.com/600x400/7f7fff/333.png&text=Luxurious+Concrete+Chips+Personal+Computer
85	6	https://dummyimage.com/600x400/7fbfbf/333.png&text=Luxurious+Concrete+Chips+Personal+Computer
86	1	https://dummyimage.com/600x400/ff7f7f/333.png&text=Rustic+Soft+Towels+Laptop
86	2	https://dummyimage.com/600x400/7fff7f/333.png&text=Rustic+Soft+Towels+Laptop
87	6	https://dummyimage.com/600x400/7fbfbf/333.png&text=Modern+Steel+Chips+Tablet
88	3	https://dummyimage.com/600x400/7f7fff/333.png&text=Licensed+Bronze+Pizza+Foldable+Phone
88	6	https://dummyimage.com/600x400/7fbfbf/333.png&text=Licensed+Bronze+Pizza+Foldable+Phone
89	3	https://dummyimage.com/600x400/7f7fff/333.png&text=Rustic+Fresh+Mouse+Tablet
89	4	https://dummyimage.com/600x400/ffffff/333.png&text=Rustic+Fresh+Mouse+Tablet
90	9	https://dummyimage.com/600x400/fde6d9/333.png&text=Elegant+Steel+Pizza+Phone
90	1	https://dummyimage.com/600x400/ff7f7f/333.png&text=Elegant+Steel+Pizza+Phone
90	3	https://dummyimage.com/600x400/7f7fff/333.png&text=Elegant+Steel+Pizza+Phone
91	6	https://dummyimage.com/600x400/7fbfbf/333.png&text=Modern+Fresh+Table+Tablet
91	1	https://dummyimage.com/600x400/ff7f7f/333.png&text=Modern+Fresh+Table+Tablet
91	5	https://dummyimage.com/600x400/bfbfbf/333.png&text=Modern+Fresh+Table+Tablet
91	9	https://dummyimage.com/600x400/fde6d9/333.png&text=Modern+Fresh+Table+Tablet
92	7	https://dummyimage.com/600x400/80a8cc/333.png&text=Luxurious+Fresh+Salad+Laptop
92	4	https://dummyimage.com/600x400/ffffff/333.png&text=Luxurious+Fresh+Salad+Laptop
93	6	https://dummyimage.com/600x400/7fbfbf/333.png&text=Modern+Granite+Salad+Tablet
93	4	https://dummyimage.com/600x400/ffffff/333.png&text=Modern+Granite+Salad+Tablet
93	3	https://dummyimage.com/600x400/7f7fff/333.png&text=Modern+Granite+Salad+Tablet
93	2	https://dummyimage.com/600x400/7fff7f/333.png&text=Modern+Granite+Salad+Tablet
94	3	https://dummyimage.com/600x400/7f7fff/333.png&text=Refined+Fresh+Chair+Phone
94	2	https://dummyimage.com/600x400/7fff7f/333.png&text=Refined+Fresh+Chair+Phone
94	7	https://dummyimage.com/600x400/80a8cc/333.png&text=Refined+Fresh+Chair+Phone
94	4	https://dummyimage.com/600x400/ffffff/333.png&text=Refined+Fresh+Chair+Phone
95	4	https://dummyimage.com/600x400/ffffff/333.png&text=Electronic+Fresh+Sausages+Phone
95	3	https://dummyimage.com/600x400/7f7fff/333.png&text=Electronic+Fresh+Sausages+Phone
95	2	https://dummyimage.com/600x400/7fff7f/333.png&text=Electronic+Fresh+Sausages+Phone
96	4	https://dummyimage.com/600x400/ffffff/333.png&text=Licensed+Plastic+Soap+Foldable+Phone
96	3	https://dummyimage.com/600x400/7f7fff/333.png&text=Licensed+Plastic+Soap+Foldable+Phone
96	2	https://dummyimage.com/600x400/7fff7f/333.png&text=Licensed+Plastic+Soap+Foldable+Phone
96	6	https://dummyimage.com/600x400/7fbfbf/333.png&text=Licensed+Plastic+Soap+Foldable+Phone
97	6	https://dummyimage.com/600x400/7fbfbf/333.png&text=Incredible+Soft+Towels+Foldable+Phone
97	5	https://dummyimage.com/600x400/bfbfbf/333.png&text=Incredible+Soft+Towels+Foldable+Phone
97	7	https://dummyimage.com/600x400/80a8cc/333.png&text=Incredible+Soft+Towels+Foldable+Phone
97	4	https://dummyimage.com/600x400/ffffff/333.png&text=Incredible+Soft+Towels+Foldable+Phone
98	1	https://dummyimage.com/600x400/ff7f7f/333.png&text=Gorgeous+Rubber+Hat+Phone
98	7	https://dummyimage.com/600x400/80a8cc/333.png&text=Gorgeous+Rubber+Hat+Phone
98	2	https://dummyimage.com/600x400/7fff7f/333.png&text=Gorgeous+Rubber+Hat+Phone
99	3	https://dummyimage.com/600x400/7f7fff/333.png&text=Bespoke+Rubber+Chips+Phone
99	4	https://dummyimage.com/600x400/ffffff/333.png&text=Bespoke+Rubber+Chips+Phone
100	2	https://dummyimage.com/600x400/7fff7f/333.png&text=Handmade+Bronze+Table+Phone
100	4	https://dummyimage.com/600x400/ffffff/333.png&text=Handmade+Bronze+Table+Phone
100	1	https://dummyimage.com/600x400/ff7f7f/333.png&text=Handmade+Bronze+Table+Phone
101	3	https://dummyimage.com/600x400/7f7fff/333.png&text=Modern+Wooden+Computer+Phone
101	5	https://dummyimage.com/600x400/bfbfbf/333.png&text=Modern+Wooden+Computer+Phone
102	1	https://dummyimage.com/600x400/ff7f7f/333.png&text=Incredible+Cotton+Shoes+Phone
102	4	https://dummyimage.com/600x400/ffffff/333.png&text=Incredible+Cotton+Shoes+Phone
103	7	https://dummyimage.com/600x400/80a8cc/333.png&text=Fantastic+Fresh+Chair+Laptop
103	2	https://dummyimage.com/600x400/7fff7f/333.png&text=Fantastic+Fresh+Chair+Laptop
103	1	https://dummyimage.com/600x400/ff7f7f/333.png&text=Fantastic+Fresh+Chair+Laptop
104	8	https://dummyimage.com/600x400/d8a8b6/333.png&text=Unbranded+Plastic+Sausages+Phone
104	4	https://dummyimage.com/600x400/ffffff/333.png&text=Unbranded+Plastic+Sausages+Phone
105	3	https://dummyimage.com/600x400/7f7fff/333.png&text=Sleek+Rubber+Towels+Tablet
105	6	https://dummyimage.com/600x400/7fbfbf/333.png&text=Sleek+Rubber+Towels+Tablet
105	8	https://dummyimage.com/600x400/d8a8b6/333.png&text=Sleek+Rubber+Towels+Tablet
105	7	https://dummyimage.com/600x400/80a8cc/333.png&text=Sleek+Rubber+Towels+Tablet
106	3	https://dummyimage.com/600x400/7f7fff/333.png&text=Ergonomic+Rubber+Chips+Chromebook
106	2	https://dummyimage.com/600x400/7fff7f/333.png&text=Ergonomic+Rubber+Chips+Chromebook
106	6	https://dummyimage.com/600x400/7fbfbf/333.png&text=Ergonomic+Rubber+Chips+Chromebook
107	2	https://dummyimage.com/600x400/7fff7f/333.png&text=Incredible+Frozen+Table+Foldable+Phone
109	9	https://dummyimage.com/600x400/fde6d9/333.png&text=Gorgeous+Wooden+Sausages+Personal+Computer
110	4	https://dummyimage.com/600x400/ffffff/333.png&text=Elegant+Plastic+Pants+Personal+Computer
106	7	https://dummyimage.com/600x400/80a8cc/333.png&text=Ergonomic+Rubber+Chips+Chromebook
107	1	https://dummyimage.com/600x400/ff7f7f/333.png&text=Incredible+Frozen+Table+Foldable+Phone
107	7	https://dummyimage.com/600x400/80a8cc/333.png&text=Incredible+Frozen+Table+Foldable+Phone
107	3	https://dummyimage.com/600x400/7f7fff/333.png&text=Incredible+Frozen+Table+Foldable+Phone
108	6	https://dummyimage.com/600x400/7fbfbf/333.png&text=Electronic+Metal+Bike+Laptop
108	3	https://dummyimage.com/600x400/7f7fff/333.png&text=Electronic+Metal+Bike+Laptop
109	3	https://dummyimage.com/600x400/7f7fff/333.png&text=Gorgeous+Wooden+Sausages+Personal+Computer
109	4	https://dummyimage.com/600x400/ffffff/333.png&text=Gorgeous+Wooden+Sausages+Personal+Computer
109	2	https://dummyimage.com/600x400/7fff7f/333.png&text=Gorgeous+Wooden+Sausages+Personal+Computer
110	3	https://dummyimage.com/600x400/7f7fff/333.png&text=Elegant+Plastic+Pants+Personal+Computer
110	6	https://dummyimage.com/600x400/7fbfbf/333.png&text=Elegant+Plastic+Pants+Personal+Computer
111	6	https://dummyimage.com/600x400/7fbfbf/333.png&text=Handmade+Granite+Pants+Laptop
111	1	https://dummyimage.com/600x400/ff7f7f/333.png&text=Handmade+Granite+Pants+Laptop
112	9	https://dummyimage.com/600x400/fde6d9/333.png&text=Sleek+Metal+Shirt+Personal+Computer
112	2	https://dummyimage.com/600x400/7fff7f/333.png&text=Sleek+Metal+Shirt+Personal+Computer
113	1	https://dummyimage.com/600x400/ff7f7f/333.png&text=Licensed+Plastic+Keyboard+Phone
113	8	https://dummyimage.com/600x400/d8a8b6/333.png&text=Licensed+Plastic+Keyboard+Phone
114	7	https://dummyimage.com/600x400/80a8cc/333.png&text=Intelligent+Granite+Keyboard+Chromebook
114	8	https://dummyimage.com/600x400/d8a8b6/333.png&text=Intelligent+Granite+Keyboard+Chromebook
114	9	https://dummyimage.com/600x400/fde6d9/333.png&text=Intelligent+Granite+Keyboard+Chromebook
114	2	https://dummyimage.com/600x400/7fff7f/333.png&text=Intelligent+Granite+Keyboard+Chromebook
115	4	https://dummyimage.com/600x400/ffffff/333.png&text=Tasty+Wooden+Shoes+Chromebook
115	7	https://dummyimage.com/600x400/80a8cc/333.png&text=Tasty+Wooden+Shoes+Chromebook
116	8	https://dummyimage.com/600x400/d8a8b6/333.png&text=Bespoke+Wooden+Table+Tablet
116	6	https://dummyimage.com/600x400/7fbfbf/333.png&text=Bespoke+Wooden+Table+Tablet
116	1	https://dummyimage.com/600x400/ff7f7f/333.png&text=Bespoke+Wooden+Table+Tablet
117	9	https://dummyimage.com/600x400/fde6d9/333.png&text=Awesome+Concrete+Chair+Chromebook
117	8	https://dummyimage.com/600x400/d8a8b6/333.png&text=Awesome+Concrete+Chair+Chromebook
117	7	https://dummyimage.com/600x400/80a8cc/333.png&text=Awesome+Concrete+Chair+Chromebook
118	3	https://dummyimage.com/600x400/7f7fff/333.png&text=Gorgeous+Soft+Pants+Personal+Computer
118	6	https://dummyimage.com/600x400/7fbfbf/333.png&text=Gorgeous+Soft+Pants+Personal+Computer
118	9	https://dummyimage.com/600x400/fde6d9/333.png&text=Gorgeous+Soft+Pants+Personal+Computer
118	2	https://dummyimage.com/600x400/7fff7f/333.png&text=Gorgeous+Soft+Pants+Personal+Computer
119	6	https://dummyimage.com/600x400/7fbfbf/333.png&text=Fantastic+Rubber+Bacon+Phone
119	5	https://dummyimage.com/600x400/bfbfbf/333.png&text=Fantastic+Rubber+Bacon+Phone
119	4	https://dummyimage.com/600x400/ffffff/333.png&text=Fantastic+Rubber+Bacon+Phone
119	7	https://dummyimage.com/600x400/80a8cc/333.png&text=Fantastic+Rubber+Bacon+Phone
120	4	https://dummyimage.com/600x400/ffffff/333.png&text=Practical+Concrete+Soap+Laptop
120	2	https://dummyimage.com/600x400/7fff7f/333.png&text=Practical+Concrete+Soap+Laptop
120	6	https://dummyimage.com/600x400/7fbfbf/333.png&text=Practical+Concrete+Soap+Laptop
120	5	https://dummyimage.com/600x400/bfbfbf/333.png&text=Practical+Concrete+Soap+Laptop
121	7	https://dummyimage.com/600x400/80a8cc/333.png&text=Tasty+Metal+Car+Personal+Computer
121	3	https://dummyimage.com/600x400/7f7fff/333.png&text=Tasty+Metal+Car+Personal+Computer
122	1	https://dummyimage.com/600x400/ff7f7f/333.png&text=Unbranded+Frozen+Soap+Personal+Computer
122	6	https://dummyimage.com/600x400/7fbfbf/333.png&text=Unbranded+Frozen+Soap+Personal+Computer
123	4	https://dummyimage.com/600x400/ffffff/333.png&text=Ergonomic+Wooden+Car+Laptop
123	6	https://dummyimage.com/600x400/7fbfbf/333.png&text=Ergonomic+Wooden+Car+Laptop
124	5	https://dummyimage.com/600x400/bfbfbf/333.png&text=Practical+Steel+Shoes+Phone
124	2	https://dummyimage.com/600x400/7fff7f/333.png&text=Practical+Steel+Shoes+Phone
124	1	https://dummyimage.com/600x400/ff7f7f/333.png&text=Practical+Steel+Shoes+Phone
125	7	https://dummyimage.com/600x400/80a8cc/333.png&text=Licensed+Wooden+Chair+Foldable+Phone
125	1	https://dummyimage.com/600x400/ff7f7f/333.png&text=Licensed+Wooden+Chair+Foldable+Phone
125	8	https://dummyimage.com/600x400/d8a8b6/333.png&text=Licensed+Wooden+Chair+Foldable+Phone
125	2	https://dummyimage.com/600x400/7fff7f/333.png&text=Licensed+Wooden+Chair+Foldable+Phone
126	1	https://dummyimage.com/600x400/ff7f7f/333.png&text=Gorgeous+Steel+Car+Tablet
126	4	https://dummyimage.com/600x400/ffffff/333.png&text=Gorgeous+Steel+Car+Tablet
126	2	https://dummyimage.com/600x400/7fff7f/333.png&text=Gorgeous+Steel+Car+Tablet
127	5	https://dummyimage.com/600x400/bfbfbf/333.png&text=Small+Cotton+Keyboard+Phone
127	4	https://dummyimage.com/600x400/ffffff/333.png&text=Small+Cotton+Keyboard+Phone
128	5	https://dummyimage.com/600x400/bfbfbf/333.png&text=Modern+Wooden+Keyboard+Chromebook
128	4	https://dummyimage.com/600x400/ffffff/333.png&text=Modern+Wooden+Keyboard+Chromebook
128	7	https://dummyimage.com/600x400/80a8cc/333.png&text=Modern+Wooden+Keyboard+Chromebook
130	7	https://dummyimage.com/600x400/80a8cc/333.png&text=Incredible+Metal+Shoes+Phone
129	2	https://dummyimage.com/600x400/7fff7f/333.png&text=Elegant+Steel+Towels+Chromebook
129	5	https://dummyimage.com/600x400/bfbfbf/333.png&text=Elegant+Steel+Towels+Chromebook
129	6	https://dummyimage.com/600x400/7fbfbf/333.png&text=Elegant+Steel+Towels+Chromebook
130	9	https://dummyimage.com/600x400/fde6d9/333.png&text=Incredible+Metal+Shoes+Phone
130	8	https://dummyimage.com/600x400/d8a8b6/333.png&text=Incredible+Metal+Shoes+Phone
130	5	https://dummyimage.com/600x400/bfbfbf/333.png&text=Incredible+Metal+Shoes+Phone
131	4	https://dummyimage.com/600x400/ffffff/333.png&text=Intelligent+Soft+Bike+Tablet
131	2	https://dummyimage.com/600x400/7fff7f/333.png&text=Intelligent+Soft+Bike+Tablet
131	1	https://dummyimage.com/600x400/ff7f7f/333.png&text=Intelligent+Soft+Bike+Tablet
131	5	https://dummyimage.com/600x400/bfbfbf/333.png&text=Intelligent+Soft+Bike+Tablet
132	1	https://dummyimage.com/600x400/ff7f7f/333.png&text=Electronic+Bronze+Shoes+Tablet
132	2	https://dummyimage.com/600x400/7fff7f/333.png&text=Electronic+Bronze+Shoes+Tablet
132	3	https://dummyimage.com/600x400/7f7fff/333.png&text=Electronic+Bronze+Shoes+Tablet
132	4	https://dummyimage.com/600x400/ffffff/333.png&text=Electronic+Bronze+Shoes+Tablet
133	4	https://dummyimage.com/600x400/ffffff/333.png&text=Oriental+Wooden+Towels+Phone
133	9	https://dummyimage.com/600x400/fde6d9/333.png&text=Oriental+Wooden+Towels+Phone
134	4	https://dummyimage.com/600x400/ffffff/333.png&text=Refined+Wooden+Chips+Tablet
134	7	https://dummyimage.com/600x400/80a8cc/333.png&text=Refined+Wooden+Chips+Tablet
135	4	https://dummyimage.com/600x400/ffffff/333.png&text=Intelligent+Cotton+Chicken+Foldable+Phone
135	7	https://dummyimage.com/600x400/80a8cc/333.png&text=Intelligent+Cotton+Chicken+Foldable+Phone
136	4	https://dummyimage.com/600x400/ffffff/333.png&text=Intelligent+Concrete+Chips+Laptop
136	7	https://dummyimage.com/600x400/80a8cc/333.png&text=Intelligent+Concrete+Chips+Laptop
136	1	https://dummyimage.com/600x400/ff7f7f/333.png&text=Intelligent+Concrete+Chips+Laptop
136	6	https://dummyimage.com/600x400/7fbfbf/333.png&text=Intelligent+Concrete+Chips+Laptop
137	4	https://dummyimage.com/600x400/ffffff/333.png&text=Bespoke+Rubber+Bacon+Laptop
137	1	https://dummyimage.com/600x400/ff7f7f/333.png&text=Bespoke+Rubber+Bacon+Laptop
137	9	https://dummyimage.com/600x400/fde6d9/333.png&text=Bespoke+Rubber+Bacon+Laptop
138	9	https://dummyimage.com/600x400/fde6d9/333.png&text=Sleek+Wooden+Car+Chromebook
138	8	https://dummyimage.com/600x400/d8a8b6/333.png&text=Sleek+Wooden+Car+Chromebook
138	1	https://dummyimage.com/600x400/ff7f7f/333.png&text=Sleek+Wooden+Car+Chromebook
139	6	https://dummyimage.com/600x400/7fbfbf/333.png&text=Awesome+Granite+Keyboard+Tablet
139	1	https://dummyimage.com/600x400/ff7f7f/333.png&text=Awesome+Granite+Keyboard+Tablet
139	8	https://dummyimage.com/600x400/d8a8b6/333.png&text=Awesome+Granite+Keyboard+Tablet
139	2	https://dummyimage.com/600x400/7fff7f/333.png&text=Awesome+Granite+Keyboard+Tablet
140	5	https://dummyimage.com/600x400/bfbfbf/333.png&text=Fantastic+Frozen+Soap+Personal+Computer
140	3	https://dummyimage.com/600x400/7f7fff/333.png&text=Fantastic+Frozen+Soap+Personal+Computer
140	4	https://dummyimage.com/600x400/ffffff/333.png&text=Fantastic+Frozen+Soap+Personal+Computer
140	1	https://dummyimage.com/600x400/ff7f7f/333.png&text=Fantastic+Frozen+Soap+Personal+Computer
141	7	https://dummyimage.com/600x400/80a8cc/333.png&text=Sleek+Metal+Cheese+Phone
141	1	https://dummyimage.com/600x400/ff7f7f/333.png&text=Sleek+Metal+Cheese+Phone
141	2	https://dummyimage.com/600x400/7fff7f/333.png&text=Sleek+Metal+Cheese+Phone
142	4	https://dummyimage.com/600x400/ffffff/333.png&text=Generic+Wooden+Table+Phone
142	3	https://dummyimage.com/600x400/7f7fff/333.png&text=Generic+Wooden+Table+Phone
143	1	https://dummyimage.com/600x400/ff7f7f/333.png&text=Sleek+Fresh+Table+Phone
143	2	https://dummyimage.com/600x400/7fff7f/333.png&text=Sleek+Fresh+Table+Phone
144	7	https://dummyimage.com/600x400/80a8cc/333.png&text=Incredible+Rubber+Salad+Laptop
144	5	https://dummyimage.com/600x400/bfbfbf/333.png&text=Incredible+Rubber+Salad+Laptop
145	1	https://dummyimage.com/600x400/ff7f7f/333.png&text=Oriental+Wooden+Gloves+Phone
145	5	https://dummyimage.com/600x400/bfbfbf/333.png&text=Oriental+Wooden+Gloves+Phone
146	2	https://dummyimage.com/600x400/7fff7f/333.png&text=Intelligent+Plastic+Computer+Laptop
146	3	https://dummyimage.com/600x400/7f7fff/333.png&text=Intelligent+Plastic+Computer+Laptop
146	9	https://dummyimage.com/600x400/fde6d9/333.png&text=Intelligent+Plastic+Computer+Laptop
146	6	https://dummyimage.com/600x400/7fbfbf/333.png&text=Intelligent+Plastic+Computer+Laptop
147	5	https://dummyimage.com/600x400/bfbfbf/333.png&text=Ergonomic+Metal+Chicken+Phone
147	3	https://dummyimage.com/600x400/7f7fff/333.png&text=Ergonomic+Metal+Chicken+Phone
148	4	https://dummyimage.com/600x400/ffffff/333.png&text=Gorgeous+Cotton+Towels+Personal+Computer
148	8	https://dummyimage.com/600x400/d8a8b6/333.png&text=Gorgeous+Cotton+Towels+Personal+Computer
149	3	https://dummyimage.com/600x400/7f7fff/333.png&text=Unbranded+Wooden+Bike+Personal+Computer
149	2	https://dummyimage.com/600x400/7fff7f/333.png&text=Unbranded+Wooden+Bike+Personal+Computer
150	2	https://dummyimage.com/600x400/7fff7f/333.png&text=Generic+Fresh+Pizza+Personal+Computer
150	5	https://dummyimage.com/600x400/bfbfbf/333.png&text=Generic+Fresh+Pizza+Personal+Computer
150	4	https://dummyimage.com/600x400/ffffff/333.png&text=Generic+Fresh+Pizza+Personal+Computer
150	1	https://dummyimage.com/600x400/ff7f7f/333.png&text=Generic+Fresh+Pizza+Personal+Computer
152	5	https://dummyimage.com/600x400/bfbfbf/333.png&text=Tasty+Frozen+Sausages+Tablet
151	8	https://dummyimage.com/600x400/d8a8b6/333.png&text=Refined+Concrete+Hat+Laptop
151	6	https://dummyimage.com/600x400/7fbfbf/333.png&text=Refined+Concrete+Hat+Laptop
151	4	https://dummyimage.com/600x400/ffffff/333.png&text=Refined+Concrete+Hat+Laptop
152	4	https://dummyimage.com/600x400/ffffff/333.png&text=Tasty+Frozen+Sausages+Tablet
153	2	https://dummyimage.com/600x400/7fff7f/333.png&text=Small+Concrete+Pants+Phone
153	1	https://dummyimage.com/600x400/ff7f7f/333.png&text=Small+Concrete+Pants+Phone
153	8	https://dummyimage.com/600x400/d8a8b6/333.png&text=Small+Concrete+Pants+Phone
154	6	https://dummyimage.com/600x400/7fbfbf/333.png&text=Recycled+Granite+Ball+Tablet
154	7	https://dummyimage.com/600x400/80a8cc/333.png&text=Recycled+Granite+Ball+Tablet
154	8	https://dummyimage.com/600x400/d8a8b6/333.png&text=Recycled+Granite+Ball+Tablet
154	4	https://dummyimage.com/600x400/ffffff/333.png&text=Recycled+Granite+Ball+Tablet
155	3	https://dummyimage.com/600x400/7f7fff/333.png&text=Modern+Cotton+Tuna+Laptop
155	4	https://dummyimage.com/600x400/ffffff/333.png&text=Modern+Cotton+Tuna+Laptop
156	8	https://dummyimage.com/600x400/d8a8b6/333.png&text=Licensed+Fresh+Sausages+Foldable+Phone
156	1	https://dummyimage.com/600x400/ff7f7f/333.png&text=Licensed+Fresh+Sausages+Foldable+Phone
156	6	https://dummyimage.com/600x400/7fbfbf/333.png&text=Licensed+Fresh+Sausages+Foldable+Phone
157	7	https://dummyimage.com/600x400/80a8cc/333.png&text=Intelligent+Metal+Sausages+Phone
157	5	https://dummyimage.com/600x400/bfbfbf/333.png&text=Intelligent+Metal+Sausages+Phone
157	9	https://dummyimage.com/600x400/fde6d9/333.png&text=Intelligent+Metal+Sausages+Phone
158	8	https://dummyimage.com/600x400/d8a8b6/333.png&text=Gorgeous+Concrete+Mouse+Phone
158	4	https://dummyimage.com/600x400/ffffff/333.png&text=Gorgeous+Concrete+Mouse+Phone
158	1	https://dummyimage.com/600x400/ff7f7f/333.png&text=Gorgeous+Concrete+Mouse+Phone
159	8	https://dummyimage.com/600x400/d8a8b6/333.png&text=Sleek+Rubber+Table+Tablet
159	7	https://dummyimage.com/600x400/80a8cc/333.png&text=Sleek+Rubber+Table+Tablet
159	6	https://dummyimage.com/600x400/7fbfbf/333.png&text=Sleek+Rubber+Table+Tablet
160	1	https://dummyimage.com/600x400/ff7f7f/333.png&text=Intelligent+Rubber+Cheese+Personal+Computer
160	2	https://dummyimage.com/600x400/7fff7f/333.png&text=Intelligent+Rubber+Cheese+Personal+Computer
160	9	https://dummyimage.com/600x400/fde6d9/333.png&text=Intelligent+Rubber+Cheese+Personal+Computer
161	7	https://dummyimage.com/600x400/80a8cc/333.png&text=Awesome+Steel+Chicken+Tablet
161	6	https://dummyimage.com/600x400/7fbfbf/333.png&text=Awesome+Steel+Chicken+Tablet
161	9	https://dummyimage.com/600x400/fde6d9/333.png&text=Awesome+Steel+Chicken+Tablet
162	4	https://dummyimage.com/600x400/ffffff/333.png&text=Tasty+Steel+Sausages+Personal+Computer
162	3	https://dummyimage.com/600x400/7f7fff/333.png&text=Tasty+Steel+Sausages+Personal+Computer
163	5	https://dummyimage.com/600x400/bfbfbf/333.png&text=Licensed+Granite+Pants+Foldable+Phone
163	3	https://dummyimage.com/600x400/7f7fff/333.png&text=Licensed+Granite+Pants+Foldable+Phone
163	7	https://dummyimage.com/600x400/80a8cc/333.png&text=Licensed+Granite+Pants+Foldable+Phone
163	4	https://dummyimage.com/600x400/ffffff/333.png&text=Licensed+Granite+Pants+Foldable+Phone
164	2	https://dummyimage.com/600x400/7fff7f/333.png&text=Intelligent+Steel+Pizza+Phone
164	1	https://dummyimage.com/600x400/ff7f7f/333.png&text=Intelligent+Steel+Pizza+Phone
164	4	https://dummyimage.com/600x400/ffffff/333.png&text=Intelligent+Steel+Pizza+Phone
165	7	https://dummyimage.com/600x400/80a8cc/333.png&text=Luxurious+Bronze+Pizza+Tablet
165	1	https://dummyimage.com/600x400/ff7f7f/333.png&text=Luxurious+Bronze+Pizza+Tablet
165	6	https://dummyimage.com/600x400/7fbfbf/333.png&text=Luxurious+Bronze+Pizza+Tablet
166	7	https://dummyimage.com/600x400/80a8cc/333.png&text=Handcrafted+Soft+Hat+Foldable+Phone
166	9	https://dummyimage.com/600x400/fde6d9/333.png&text=Handcrafted+Soft+Hat+Foldable+Phone
166	8	https://dummyimage.com/600x400/d8a8b6/333.png&text=Handcrafted+Soft+Hat+Foldable+Phone
166	1	https://dummyimage.com/600x400/ff7f7f/333.png&text=Handcrafted+Soft+Hat+Foldable+Phone
167	1	https://dummyimage.com/600x400/ff7f7f/333.png&text=Refined+Frozen+Bacon+Foldable+Phone
167	9	https://dummyimage.com/600x400/fde6d9/333.png&text=Refined+Frozen+Bacon+Foldable+Phone
167	2	https://dummyimage.com/600x400/7fff7f/333.png&text=Refined+Frozen+Bacon+Foldable+Phone
167	3	https://dummyimage.com/600x400/7f7fff/333.png&text=Refined+Frozen+Bacon+Foldable+Phone
168	6	https://dummyimage.com/600x400/7fbfbf/333.png&text=Gorgeous+Metal+Hat+Phone
168	7	https://dummyimage.com/600x400/80a8cc/333.png&text=Gorgeous+Metal+Hat+Phone
168	8	https://dummyimage.com/600x400/d8a8b6/333.png&text=Gorgeous+Metal+Hat+Phone
169	4	https://dummyimage.com/600x400/ffffff/333.png&text=Generic+Concrete+Pants+Personal+Computer
169	3	https://dummyimage.com/600x400/7f7fff/333.png&text=Generic+Concrete+Pants+Personal+Computer
170	8	https://dummyimage.com/600x400/d8a8b6/333.png&text=Oriental+Concrete+Towels+Laptop
170	3	https://dummyimage.com/600x400/7f7fff/333.png&text=Oriental+Concrete+Towels+Laptop
170	5	https://dummyimage.com/600x400/bfbfbf/333.png&text=Oriental+Concrete+Towels+Laptop
170	9	https://dummyimage.com/600x400/fde6d9/333.png&text=Oriental+Concrete+Towels+Laptop
172	5	https://dummyimage.com/600x400/bfbfbf/333.png&text=Modern+Wooden+Pizza+Phone
172	1	https://dummyimage.com/600x400/ff7f7f/333.png&text=Modern+Wooden+Pizza+Phone
174	1	https://dummyimage.com/600x400/ff7f7f/333.png&text=Fantastic+Cotton+Chicken+Laptop
175	1	https://dummyimage.com/600x400/ff7f7f/333.png&text=Practical+Rubber+Soap+Laptop
171	7	https://dummyimage.com/600x400/80a8cc/333.png&text=Oriental+Wooden+Shirt+Phone
171	6	https://dummyimage.com/600x400/7fbfbf/333.png&text=Oriental+Wooden+Shirt+Phone
171	5	https://dummyimage.com/600x400/bfbfbf/333.png&text=Oriental+Wooden+Shirt+Phone
172	6	https://dummyimage.com/600x400/7fbfbf/333.png&text=Modern+Wooden+Pizza+Phone
172	8	https://dummyimage.com/600x400/d8a8b6/333.png&text=Modern+Wooden+Pizza+Phone
173	6	https://dummyimage.com/600x400/7fbfbf/333.png&text=Modern+Granite+Salad+Foldable+Phone
173	1	https://dummyimage.com/600x400/ff7f7f/333.png&text=Modern+Granite+Salad+Foldable+Phone
174	9	https://dummyimage.com/600x400/fde6d9/333.png&text=Fantastic+Cotton+Chicken+Laptop
174	3	https://dummyimage.com/600x400/7f7fff/333.png&text=Fantastic+Cotton+Chicken+Laptop
174	6	https://dummyimage.com/600x400/7fbfbf/333.png&text=Fantastic+Cotton+Chicken+Laptop
175	6	https://dummyimage.com/600x400/7fbfbf/333.png&text=Practical+Rubber+Soap+Laptop
175	8	https://dummyimage.com/600x400/d8a8b6/333.png&text=Practical+Rubber+Soap+Laptop
175	2	https://dummyimage.com/600x400/7fff7f/333.png&text=Practical+Rubber+Soap+Laptop
176	1	https://dummyimage.com/600x400/ff7f7f/333.png&text=Tasty+Frozen+Towels+Foldable+Phone
176	9	https://dummyimage.com/600x400/fde6d9/333.png&text=Tasty+Frozen+Towels+Foldable+Phone
177	8	https://dummyimage.com/600x400/d8a8b6/333.png&text=Sleek+Cotton+Pizza+Laptop
177	9	https://dummyimage.com/600x400/fde6d9/333.png&text=Sleek+Cotton+Pizza+Laptop
177	4	https://dummyimage.com/600x400/ffffff/333.png&text=Sleek+Cotton+Pizza+Laptop
178	4	https://dummyimage.com/600x400/ffffff/333.png&text=Gorgeous+Bronze+Fish+Personal+Computer
178	3	https://dummyimage.com/600x400/7f7fff/333.png&text=Gorgeous+Bronze+Fish+Personal+Computer
178	8	https://dummyimage.com/600x400/d8a8b6/333.png&text=Gorgeous+Bronze+Fish+Personal+Computer
178	2	https://dummyimage.com/600x400/7fff7f/333.png&text=Gorgeous+Bronze+Fish+Personal+Computer
179	3	https://dummyimage.com/600x400/7f7fff/333.png&text=Elegant+Wooden+Shoes+Foldable+Phone
179	8	https://dummyimage.com/600x400/d8a8b6/333.png&text=Elegant+Wooden+Shoes+Foldable+Phone
179	2	https://dummyimage.com/600x400/7fff7f/333.png&text=Elegant+Wooden+Shoes+Foldable+Phone
179	6	https://dummyimage.com/600x400/7fbfbf/333.png&text=Elegant+Wooden+Shoes+Foldable+Phone
180	8	https://dummyimage.com/600x400/d8a8b6/333.png&text=Sleek+Cotton+Soap+Personal+Computer
180	7	https://dummyimage.com/600x400/80a8cc/333.png&text=Sleek+Cotton+Soap+Personal+Computer
181	7	https://dummyimage.com/600x400/80a8cc/333.png&text=Small+Frozen+Hat+Phone
181	2	https://dummyimage.com/600x400/7fff7f/333.png&text=Small+Frozen+Hat+Phone
182	1	https://dummyimage.com/600x400/ff7f7f/333.png&text=Small+Granite+Cheese+Laptop
182	8	https://dummyimage.com/600x400/d8a8b6/333.png&text=Small+Granite+Cheese+Laptop
182	9	https://dummyimage.com/600x400/fde6d9/333.png&text=Small+Granite+Cheese+Laptop
182	3	https://dummyimage.com/600x400/7f7fff/333.png&text=Small+Granite+Cheese+Laptop
183	1	https://dummyimage.com/600x400/ff7f7f/333.png&text=Recycled+Rubber+Chair+Tablet
183	8	https://dummyimage.com/600x400/d8a8b6/333.png&text=Recycled+Rubber+Chair+Tablet
183	2	https://dummyimage.com/600x400/7fff7f/333.png&text=Recycled+Rubber+Chair+Tablet
183	6	https://dummyimage.com/600x400/7fbfbf/333.png&text=Recycled+Rubber+Chair+Tablet
184	1	https://dummyimage.com/600x400/ff7f7f/333.png&text=Recycled+Metal+Chips+Laptop
184	6	https://dummyimage.com/600x400/7fbfbf/333.png&text=Recycled+Metal+Chips+Laptop
184	7	https://dummyimage.com/600x400/80a8cc/333.png&text=Recycled+Metal+Chips+Laptop
184	9	https://dummyimage.com/600x400/fde6d9/333.png&text=Recycled+Metal+Chips+Laptop
185	3	https://dummyimage.com/600x400/7f7fff/333.png&text=Handcrafted+Soft+Soap+Phone
185	8	https://dummyimage.com/600x400/d8a8b6/333.png&text=Handcrafted+Soft+Soap+Phone
186	4	https://dummyimage.com/600x400/ffffff/333.png&text=Unbranded+Rubber+Fish+Personal+Computer
186	3	https://dummyimage.com/600x400/7f7fff/333.png&text=Unbranded+Rubber+Fish+Personal+Computer
187	8	https://dummyimage.com/600x400/d8a8b6/333.png&text=Ergonomic+Steel+Computer+Foldable+Phone
187	4	https://dummyimage.com/600x400/ffffff/333.png&text=Ergonomic+Steel+Computer+Foldable+Phone
187	5	https://dummyimage.com/600x400/bfbfbf/333.png&text=Ergonomic+Steel+Computer+Foldable+Phone
188	3	https://dummyimage.com/600x400/7f7fff/333.png&text=Oriental+Rubber+Car+Laptop
188	4	https://dummyimage.com/600x400/ffffff/333.png&text=Oriental+Rubber+Car+Laptop
189	1	https://dummyimage.com/600x400/ff7f7f/333.png&text=Modern+Bronze+Table+Laptop
189	7	https://dummyimage.com/600x400/80a8cc/333.png&text=Modern+Bronze+Table+Laptop
189	2	https://dummyimage.com/600x400/7fff7f/333.png&text=Modern+Bronze+Table+Laptop
189	9	https://dummyimage.com/600x400/fde6d9/333.png&text=Modern+Bronze+Table+Laptop
190	1	https://dummyimage.com/600x400/ff7f7f/333.png&text=Intelligent+Metal+Fish+Chromebook
190	7	https://dummyimage.com/600x400/80a8cc/333.png&text=Intelligent+Metal+Fish+Chromebook
191	8	https://dummyimage.com/600x400/d8a8b6/333.png&text=Refined+Wooden+Pants+Laptop
191	2	https://dummyimage.com/600x400/7fff7f/333.png&text=Refined+Wooden+Pants+Laptop
192	8	https://dummyimage.com/600x400/d8a8b6/333.png&text=Elegant+Fresh+Bike+Foldable+Phone
193	1	https://dummyimage.com/600x400/ff7f7f/333.png&text=Ergonomic+Metal+Pants+Laptop
194	1	https://dummyimage.com/600x400/ff7f7f/333.png&text=Gorgeous+Rubber+Towels+Foldable+Phone
195	8	https://dummyimage.com/600x400/d8a8b6/333.png&text=Intelligent+Cotton+Salad+Tablet
197	2	https://dummyimage.com/600x400/7fff7f/333.png&text=Refined+Wooden+Chicken+Phone
198	1	https://dummyimage.com/600x400/ff7f7f/333.png&text=Tasty+Bronze+Soap+Phone
192	7	https://dummyimage.com/600x400/80a8cc/333.png&text=Elegant+Fresh+Bike+Foldable+Phone
192	6	https://dummyimage.com/600x400/7fbfbf/333.png&text=Elegant+Fresh+Bike+Foldable+Phone
193	2	https://dummyimage.com/600x400/7fff7f/333.png&text=Ergonomic+Metal+Pants+Laptop
193	3	https://dummyimage.com/600x400/7f7fff/333.png&text=Ergonomic+Metal+Pants+Laptop
193	4	https://dummyimage.com/600x400/ffffff/333.png&text=Ergonomic+Metal+Pants+Laptop
194	2	https://dummyimage.com/600x400/7fff7f/333.png&text=Gorgeous+Rubber+Towels+Foldable+Phone
194	3	https://dummyimage.com/600x400/7f7fff/333.png&text=Gorgeous+Rubber+Towels+Foldable+Phone
194	7	https://dummyimage.com/600x400/80a8cc/333.png&text=Gorgeous+Rubber+Towels+Foldable+Phone
195	9	https://dummyimage.com/600x400/fde6d9/333.png&text=Intelligent+Cotton+Salad+Tablet
196	6	https://dummyimage.com/600x400/7fbfbf/333.png&text=Ergonomic+Steel+Table+Phone
196	5	https://dummyimage.com/600x400/bfbfbf/333.png&text=Ergonomic+Steel+Table+Phone
197	6	https://dummyimage.com/600x400/7fbfbf/333.png&text=Refined+Wooden+Chicken+Phone
197	3	https://dummyimage.com/600x400/7f7fff/333.png&text=Refined+Wooden+Chicken+Phone
197	8	https://dummyimage.com/600x400/d8a8b6/333.png&text=Refined+Wooden+Chicken+Phone
198	3	https://dummyimage.com/600x400/7f7fff/333.png&text=Tasty+Bronze+Soap+Phone
198	6	https://dummyimage.com/600x400/7fbfbf/333.png&text=Tasty+Bronze+Soap+Phone
199	1	https://dummyimage.com/600x400/ff7f7f/333.png&text=Modern+Cotton+Ball+Tablet
199	3	https://dummyimage.com/600x400/7f7fff/333.png&text=Modern+Cotton+Ball+Tablet
199	2	https://dummyimage.com/600x400/7fff7f/333.png&text=Modern+Cotton+Ball+Tablet
200	7	https://dummyimage.com/600x400/80a8cc/333.png&text=Handcrafted+Plastic+Salad+Chromebook
200	3	https://dummyimage.com/600x400/7f7fff/333.png&text=Handcrafted+Plastic+Salad+Chromebook
200	8	https://dummyimage.com/600x400/d8a8b6/333.png&text=Handcrafted+Plastic+Salad+Chromebook
200	2	https://dummyimage.com/600x400/7fff7f/333.png&text=Handcrafted+Plastic+Salad+Chromebook
201	4	https://dummyimage.com/600x400/ffffff/333.png&text=Ergonomic+Granite+Shirt+Phone
201	9	https://dummyimage.com/600x400/fde6d9/333.png&text=Ergonomic+Granite+Shirt+Phone
202	7	https://dummyimage.com/600x400/80a8cc/333.png&text=Electronic+Fresh+Tuna+Foldable+Phone
202	9	https://dummyimage.com/600x400/fde6d9/333.png&text=Electronic+Fresh+Tuna+Foldable+Phone
202	1	https://dummyimage.com/600x400/ff7f7f/333.png&text=Electronic+Fresh+Tuna+Foldable+Phone
202	4	https://dummyimage.com/600x400/ffffff/333.png&text=Electronic+Fresh+Tuna+Foldable+Phone
203	1	https://dummyimage.com/600x400/ff7f7f/333.png&text=Refined+Wooden+Ball+Foldable+Phone
203	5	https://dummyimage.com/600x400/bfbfbf/333.png&text=Refined+Wooden+Ball+Foldable+Phone
203	6	https://dummyimage.com/600x400/7fbfbf/333.png&text=Refined+Wooden+Ball+Foldable+Phone
203	4	https://dummyimage.com/600x400/ffffff/333.png&text=Refined+Wooden+Ball+Foldable+Phone
204	4	https://dummyimage.com/600x400/ffffff/333.png&text=Tasty+Bronze+Table+Chromebook
204	1	https://dummyimage.com/600x400/ff7f7f/333.png&text=Tasty+Bronze+Table+Chromebook
204	5	https://dummyimage.com/600x400/bfbfbf/333.png&text=Tasty+Bronze+Table+Chromebook
205	3	https://dummyimage.com/600x400/7f7fff/333.png&text=Electronic+Frozen+Shoes+Tablet
205	1	https://dummyimage.com/600x400/ff7f7f/333.png&text=Electronic+Frozen+Shoes+Tablet
205	8	https://dummyimage.com/600x400/d8a8b6/333.png&text=Electronic+Frozen+Shoes+Tablet
206	5	https://dummyimage.com/600x400/bfbfbf/333.png&text=Incredible+Wooden+Shirt+Tablet
206	6	https://dummyimage.com/600x400/7fbfbf/333.png&text=Incredible+Wooden+Shirt+Tablet
206	9	https://dummyimage.com/600x400/fde6d9/333.png&text=Incredible+Wooden+Shirt+Tablet
206	1	https://dummyimage.com/600x400/ff7f7f/333.png&text=Incredible+Wooden+Shirt+Tablet
207	9	https://dummyimage.com/600x400/fde6d9/333.png&text=Gorgeous+Rubber+Computer+Tablet
207	8	https://dummyimage.com/600x400/d8a8b6/333.png&text=Gorgeous+Rubber+Computer+Tablet
208	7	https://dummyimage.com/600x400/80a8cc/333.png&text=Licensed+Concrete+Keyboard+Foldable+Phone
208	1	https://dummyimage.com/600x400/ff7f7f/333.png&text=Licensed+Concrete+Keyboard+Foldable+Phone
208	2	https://dummyimage.com/600x400/7fff7f/333.png&text=Licensed+Concrete+Keyboard+Foldable+Phone
209	3	https://dummyimage.com/600x400/7f7fff/333.png&text=Ergonomic+Soft+Mouse+Personal+Computer
209	2	https://dummyimage.com/600x400/7fff7f/333.png&text=Ergonomic+Soft+Mouse+Personal+Computer
210	2	https://dummyimage.com/600x400/7fff7f/333.png&text=Practical+Concrete+Fish+Laptop
210	1	https://dummyimage.com/600x400/ff7f7f/333.png&text=Practical+Concrete+Fish+Laptop
211	2	https://dummyimage.com/600x400/7fff7f/333.png&text=Handcrafted+Frozen+Pizza+Phone
211	9	https://dummyimage.com/600x400/fde6d9/333.png&text=Handcrafted+Frozen+Pizza+Phone
212	2	https://dummyimage.com/600x400/7fff7f/333.png&text=Handcrafted+Steel+Computer+Phone
212	1	https://dummyimage.com/600x400/ff7f7f/333.png&text=Handcrafted+Steel+Computer+Phone
212	6	https://dummyimage.com/600x400/7fbfbf/333.png&text=Handcrafted+Steel+Computer+Phone
212	4	https://dummyimage.com/600x400/ffffff/333.png&text=Handcrafted+Steel+Computer+Phone
213	6	https://dummyimage.com/600x400/7fbfbf/333.png&text=Small+Concrete+Towels+Chromebook
214	3	https://dummyimage.com/600x400/7f7fff/333.png&text=Tasty+Plastic+Chicken+Laptop
216	2	https://dummyimage.com/600x400/7fff7f/333.png&text=Awesome+Plastic+Keyboard+Personal+Computer
218	4	https://dummyimage.com/600x400/ffffff/333.png&text=Intelligent+Cotton+Gloves+Laptop
219	9	https://dummyimage.com/600x400/fde6d9/333.png&text=Fantastic+Wooden+Computer+Personal+Computer
213	3	https://dummyimage.com/600x400/7f7fff/333.png&text=Small+Concrete+Towels+Chromebook
213	1	https://dummyimage.com/600x400/ff7f7f/333.png&text=Small+Concrete+Towels+Chromebook
213	8	https://dummyimage.com/600x400/d8a8b6/333.png&text=Small+Concrete+Towels+Chromebook
214	6	https://dummyimage.com/600x400/7fbfbf/333.png&text=Tasty+Plastic+Chicken+Laptop
215	8	https://dummyimage.com/600x400/d8a8b6/333.png&text=Ergonomic+Frozen+Pants+Chromebook
215	1	https://dummyimage.com/600x400/ff7f7f/333.png&text=Ergonomic+Frozen+Pants+Chromebook
216	1	https://dummyimage.com/600x400/ff7f7f/333.png&text=Awesome+Plastic+Keyboard+Personal+Computer
216	3	https://dummyimage.com/600x400/7f7fff/333.png&text=Awesome+Plastic+Keyboard+Personal+Computer
217	3	https://dummyimage.com/600x400/7f7fff/333.png&text=Handcrafted+Fresh+Chips+Laptop
217	2	https://dummyimage.com/600x400/7fff7f/333.png&text=Handcrafted+Fresh+Chips+Laptop
218	3	https://dummyimage.com/600x400/7f7fff/333.png&text=Intelligent+Cotton+Gloves+Laptop
219	1	https://dummyimage.com/600x400/ff7f7f/333.png&text=Fantastic+Wooden+Computer+Personal+Computer
219	5	https://dummyimage.com/600x400/bfbfbf/333.png&text=Fantastic+Wooden+Computer+Personal+Computer
220	8	https://dummyimage.com/600x400/d8a8b6/333.png&text=Incredible+Fresh+Fish+Phone
220	4	https://dummyimage.com/600x400/ffffff/333.png&text=Incredible+Fresh+Fish+Phone
220	6	https://dummyimage.com/600x400/7fbfbf/333.png&text=Incredible+Fresh+Fish+Phone
221	8	https://dummyimage.com/600x400/d8a8b6/333.png&text=Intelligent+Fresh+Chips+Personal+Computer
221	3	https://dummyimage.com/600x400/7f7fff/333.png&text=Intelligent+Fresh+Chips+Personal+Computer
221	6	https://dummyimage.com/600x400/7fbfbf/333.png&text=Intelligent+Fresh+Chips+Personal+Computer
221	9	https://dummyimage.com/600x400/fde6d9/333.png&text=Intelligent+Fresh+Chips+Personal+Computer
222	6	https://dummyimage.com/600x400/7fbfbf/333.png&text=Refined+Cotton+Ball+Chromebook
222	8	https://dummyimage.com/600x400/d8a8b6/333.png&text=Refined+Cotton+Ball+Chromebook
222	1	https://dummyimage.com/600x400/ff7f7f/333.png&text=Refined+Cotton+Ball+Chromebook
222	4	https://dummyimage.com/600x400/ffffff/333.png&text=Refined+Cotton+Ball+Chromebook
223	7	https://dummyimage.com/600x400/80a8cc/333.png&text=Handmade+Metal+Ball+Tablet
223	2	https://dummyimage.com/600x400/7fff7f/333.png&text=Handmade+Metal+Ball+Tablet
223	9	https://dummyimage.com/600x400/fde6d9/333.png&text=Handmade+Metal+Ball+Tablet
223	3	https://dummyimage.com/600x400/7f7fff/333.png&text=Handmade+Metal+Ball+Tablet
224	4	https://dummyimage.com/600x400/ffffff/333.png&text=Electronic+Fresh+Tuna+Laptop
224	6	https://dummyimage.com/600x400/7fbfbf/333.png&text=Electronic+Fresh+Tuna+Laptop
224	8	https://dummyimage.com/600x400/d8a8b6/333.png&text=Electronic+Fresh+Tuna+Laptop
225	5	https://dummyimage.com/600x400/bfbfbf/333.png&text=Unbranded+Fresh+Pants+Foldable+Phone
225	1	https://dummyimage.com/600x400/ff7f7f/333.png&text=Unbranded+Fresh+Pants+Foldable+Phone
225	9	https://dummyimage.com/600x400/fde6d9/333.png&text=Unbranded+Fresh+Pants+Foldable+Phone
226	8	https://dummyimage.com/600x400/d8a8b6/333.png&text=Elegant+Concrete+Table+Personal+Computer
226	1	https://dummyimage.com/600x400/ff7f7f/333.png&text=Elegant+Concrete+Table+Personal+Computer
227	4	https://dummyimage.com/600x400/ffffff/333.png&text=Incredible+Concrete+Salad+Personal+Computer
227	7	https://dummyimage.com/600x400/80a8cc/333.png&text=Incredible+Concrete+Salad+Personal+Computer
227	2	https://dummyimage.com/600x400/7fff7f/333.png&text=Incredible+Concrete+Salad+Personal+Computer
228	4	https://dummyimage.com/600x400/ffffff/333.png&text=Refined+Soft+Chips+Laptop
228	7	https://dummyimage.com/600x400/80a8cc/333.png&text=Refined+Soft+Chips+Laptop
228	3	https://dummyimage.com/600x400/7f7fff/333.png&text=Refined+Soft+Chips+Laptop
228	2	https://dummyimage.com/600x400/7fff7f/333.png&text=Refined+Soft+Chips+Laptop
229	1	https://dummyimage.com/600x400/ff7f7f/333.png&text=Intelligent+Bronze+Pants+Laptop
229	2	https://dummyimage.com/600x400/7fff7f/333.png&text=Intelligent+Bronze+Pants+Laptop
230	7	https://dummyimage.com/600x400/80a8cc/333.png&text=Refined+Wooden+Soap+Chromebook
230	4	https://dummyimage.com/600x400/ffffff/333.png&text=Refined+Wooden+Soap+Chromebook
230	9	https://dummyimage.com/600x400/fde6d9/333.png&text=Refined+Wooden+Soap+Chromebook
230	5	https://dummyimage.com/600x400/bfbfbf/333.png&text=Refined+Wooden+Soap+Chromebook
231	1	https://dummyimage.com/600x400/ff7f7f/333.png&text=Intelligent+Plastic+Soap+Chromebook
231	8	https://dummyimage.com/600x400/d8a8b6/333.png&text=Intelligent+Plastic+Soap+Chromebook
231	4	https://dummyimage.com/600x400/ffffff/333.png&text=Intelligent+Plastic+Soap+Chromebook
232	5	https://dummyimage.com/600x400/bfbfbf/333.png&text=Electronic+Frozen+Chicken+Phone
232	3	https://dummyimage.com/600x400/7f7fff/333.png&text=Electronic+Frozen+Chicken+Phone
232	4	https://dummyimage.com/600x400/ffffff/333.png&text=Electronic+Frozen+Chicken+Phone
233	2	https://dummyimage.com/600x400/7fff7f/333.png&text=Elegant+Cotton+Chips+Chromebook
233	9	https://dummyimage.com/600x400/fde6d9/333.png&text=Elegant+Cotton+Chips+Chromebook
233	8	https://dummyimage.com/600x400/d8a8b6/333.png&text=Elegant+Cotton+Chips+Chromebook
234	1	https://dummyimage.com/600x400/ff7f7f/333.png&text=Licensed+Bronze+Towels+Foldable+Phone
234	5	https://dummyimage.com/600x400/bfbfbf/333.png&text=Licensed+Bronze+Towels+Foldable+Phone
235	7	https://dummyimage.com/600x400/80a8cc/333.png&text=Generic+Rubber+Cheese+Phone
236	4	https://dummyimage.com/600x400/ffffff/333.png&text=Electronic+Soft+Salad+Phone
237	5	https://dummyimage.com/600x400/bfbfbf/333.png&text=Practical+Plastic+Table+Phone
234	2	https://dummyimage.com/600x400/7fff7f/333.png&text=Licensed+Bronze+Towels+Foldable+Phone
234	7	https://dummyimage.com/600x400/80a8cc/333.png&text=Licensed+Bronze+Towels+Foldable+Phone
235	9	https://dummyimage.com/600x400/fde6d9/333.png&text=Generic+Rubber+Cheese+Phone
235	1	https://dummyimage.com/600x400/ff7f7f/333.png&text=Generic+Rubber+Cheese+Phone
236	6	https://dummyimage.com/600x400/7fbfbf/333.png&text=Electronic+Soft+Salad+Phone
236	5	https://dummyimage.com/600x400/bfbfbf/333.png&text=Electronic+Soft+Salad+Phone
236	9	https://dummyimage.com/600x400/fde6d9/333.png&text=Electronic+Soft+Salad+Phone
237	7	https://dummyimage.com/600x400/80a8cc/333.png&text=Practical+Plastic+Table+Phone
238	4	https://dummyimage.com/600x400/ffffff/333.png&text=Recycled+Soft+Ball+Chromebook
238	5	https://dummyimage.com/600x400/bfbfbf/333.png&text=Recycled+Soft+Ball+Chromebook
239	5	https://dummyimage.com/600x400/bfbfbf/333.png&text=Rustic+Soft+Towels+Phone
239	8	https://dummyimage.com/600x400/d8a8b6/333.png&text=Rustic+Soft+Towels+Phone
240	7	https://dummyimage.com/600x400/80a8cc/333.png&text=Recycled+Metal+Towels+Foldable+Phone
240	5	https://dummyimage.com/600x400/bfbfbf/333.png&text=Recycled+Metal+Towels+Foldable+Phone
241	1	https://dummyimage.com/600x400/ff7f7f/333.png&text=Small+Rubber+Car+Phone
241	7	https://dummyimage.com/600x400/80a8cc/333.png&text=Small+Rubber+Car+Phone
241	2	https://dummyimage.com/600x400/7fff7f/333.png&text=Small+Rubber+Car+Phone
241	3	https://dummyimage.com/600x400/7f7fff/333.png&text=Small+Rubber+Car+Phone
242	9	https://dummyimage.com/600x400/fde6d9/333.png&text=Bespoke+Cotton+Chips+Laptop
242	4	https://dummyimage.com/600x400/ffffff/333.png&text=Bespoke+Cotton+Chips+Laptop
242	3	https://dummyimage.com/600x400/7f7fff/333.png&text=Bespoke+Cotton+Chips+Laptop
242	2	https://dummyimage.com/600x400/7fff7f/333.png&text=Bespoke+Cotton+Chips+Laptop
243	1	https://dummyimage.com/600x400/ff7f7f/333.png&text=Bespoke+Plastic+Soap+Personal+Computer
243	2	https://dummyimage.com/600x400/7fff7f/333.png&text=Bespoke+Plastic+Soap+Personal+Computer
243	6	https://dummyimage.com/600x400/7fbfbf/333.png&text=Bespoke+Plastic+Soap+Personal+Computer
243	7	https://dummyimage.com/600x400/80a8cc/333.png&text=Bespoke+Plastic+Soap+Personal+Computer
244	8	https://dummyimage.com/600x400/d8a8b6/333.png&text=Licensed+Granite+Pants+Tablet
244	6	https://dummyimage.com/600x400/7fbfbf/333.png&text=Licensed+Granite+Pants+Tablet
244	1	https://dummyimage.com/600x400/ff7f7f/333.png&text=Licensed+Granite+Pants+Tablet
244	2	https://dummyimage.com/600x400/7fff7f/333.png&text=Licensed+Granite+Pants+Tablet
245	5	https://dummyimage.com/600x400/bfbfbf/333.png&text=Practical+Frozen+Gloves+Tablet
245	6	https://dummyimage.com/600x400/7fbfbf/333.png&text=Practical+Frozen+Gloves+Tablet
246	8	https://dummyimage.com/600x400/d8a8b6/333.png&text=Ergonomic+Soft+Soap+Foldable+Phone
246	6	https://dummyimage.com/600x400/7fbfbf/333.png&text=Ergonomic+Soft+Soap+Foldable+Phone
246	5	https://dummyimage.com/600x400/bfbfbf/333.png&text=Ergonomic+Soft+Soap+Foldable+Phone
247	7	https://dummyimage.com/600x400/80a8cc/333.png&text=Generic+Metal+Chair+Personal+Computer
247	8	https://dummyimage.com/600x400/d8a8b6/333.png&text=Generic+Metal+Chair+Personal+Computer
248	7	https://dummyimage.com/600x400/80a8cc/333.png&text=Refined+Plastic+Chicken+Foldable+Phone
248	5	https://dummyimage.com/600x400/bfbfbf/333.png&text=Refined+Plastic+Chicken+Foldable+Phone
249	7	https://dummyimage.com/600x400/80a8cc/333.png&text=Awesome+Concrete+Towels+Laptop
249	4	https://dummyimage.com/600x400/ffffff/333.png&text=Awesome+Concrete+Towels+Laptop
250	4	https://dummyimage.com/600x400/ffffff/333.png&text=Rustic+Plastic+Towels+Phone
250	3	https://dummyimage.com/600x400/7f7fff/333.png&text=Rustic+Plastic+Towels+Phone
250	2	https://dummyimage.com/600x400/7fff7f/333.png&text=Rustic+Plastic+Towels+Phone
250	9	https://dummyimage.com/600x400/fde6d9/333.png&text=Rustic+Plastic+Towels+Phone
251	2	https://dummyimage.com/600x400/7fff7f/333.png&text=Sleek+Fresh+Gloves+Personal+Computer
251	5	https://dummyimage.com/600x400/bfbfbf/333.png&text=Sleek+Fresh+Gloves+Personal+Computer
251	6	https://dummyimage.com/600x400/7fbfbf/333.png&text=Sleek+Fresh+Gloves+Personal+Computer
251	9	https://dummyimage.com/600x400/fde6d9/333.png&text=Sleek+Fresh+Gloves+Personal+Computer
252	2	https://dummyimage.com/600x400/7fff7f/333.png&text=Generic+Wooden+Mouse+Laptop
252	1	https://dummyimage.com/600x400/ff7f7f/333.png&text=Generic+Wooden+Mouse+Laptop
253	6	https://dummyimage.com/600x400/7fbfbf/333.png&text=Modern+Plastic+Hat+Phone
253	3	https://dummyimage.com/600x400/7f7fff/333.png&text=Modern+Plastic+Hat+Phone
253	7	https://dummyimage.com/600x400/80a8cc/333.png&text=Modern+Plastic+Hat+Phone
254	1	https://dummyimage.com/600x400/ff7f7f/333.png&text=Practical+Wooden+Keyboard+Tablet
254	8	https://dummyimage.com/600x400/d8a8b6/333.png&text=Practical+Wooden+Keyboard+Tablet
254	5	https://dummyimage.com/600x400/bfbfbf/333.png&text=Practical+Wooden+Keyboard+Tablet
255	4	https://dummyimage.com/600x400/ffffff/333.png&text=Gorgeous+Cotton+Cheese+Laptop
255	2	https://dummyimage.com/600x400/7fff7f/333.png&text=Gorgeous+Cotton+Cheese+Laptop
255	6	https://dummyimage.com/600x400/7fbfbf/333.png&text=Gorgeous+Cotton+Cheese+Laptop
256	6	https://dummyimage.com/600x400/7fbfbf/333.png&text=Oriental+Steel+Chips+Personal+Computer
257	4	https://dummyimage.com/600x400/ffffff/333.png&text=Refined+Bronze+Mouse+Phone
258	5	https://dummyimage.com/600x400/bfbfbf/333.png&text=Gorgeous+Soft+Towels+Personal+Computer
260	4	https://dummyimage.com/600x400/ffffff/333.png&text=Recycled+Metal+Car+Laptop
255	1	https://dummyimage.com/600x400/ff7f7f/333.png&text=Gorgeous+Cotton+Cheese+Laptop
256	1	https://dummyimage.com/600x400/ff7f7f/333.png&text=Oriental+Steel+Chips+Personal+Computer
256	4	https://dummyimage.com/600x400/ffffff/333.png&text=Oriental+Steel+Chips+Personal+Computer
256	2	https://dummyimage.com/600x400/7fff7f/333.png&text=Oriental+Steel+Chips+Personal+Computer
257	7	https://dummyimage.com/600x400/80a8cc/333.png&text=Refined+Bronze+Mouse+Phone
257	6	https://dummyimage.com/600x400/7fbfbf/333.png&text=Refined+Bronze+Mouse+Phone
257	5	https://dummyimage.com/600x400/bfbfbf/333.png&text=Refined+Bronze+Mouse+Phone
258	1	https://dummyimage.com/600x400/ff7f7f/333.png&text=Gorgeous+Soft+Towels+Personal+Computer
258	2	https://dummyimage.com/600x400/7fff7f/333.png&text=Gorgeous+Soft+Towels+Personal+Computer
258	6	https://dummyimage.com/600x400/7fbfbf/333.png&text=Gorgeous+Soft+Towels+Personal+Computer
259	2	https://dummyimage.com/600x400/7fff7f/333.png&text=Bespoke+Soft+Cheese+Foldable+Phone
259	4	https://dummyimage.com/600x400/ffffff/333.png&text=Bespoke+Soft+Cheese+Foldable+Phone
259	9	https://dummyimage.com/600x400/fde6d9/333.png&text=Bespoke+Soft+Cheese+Foldable+Phone
260	8	https://dummyimage.com/600x400/d8a8b6/333.png&text=Recycled+Metal+Car+Laptop
261	2	https://dummyimage.com/600x400/7fff7f/333.png&text=Oriental+Cotton+Shirt+Foldable+Phone
261	1	https://dummyimage.com/600x400/ff7f7f/333.png&text=Oriental+Cotton+Shirt+Foldable+Phone
261	6	https://dummyimage.com/600x400/7fbfbf/333.png&text=Oriental+Cotton+Shirt+Foldable+Phone
261	3	https://dummyimage.com/600x400/7f7fff/333.png&text=Oriental+Cotton+Shirt+Foldable+Phone
262	2	https://dummyimage.com/600x400/7fff7f/333.png&text=Tasty+Rubber+Bike+Laptop
262	6	https://dummyimage.com/600x400/7fbfbf/333.png&text=Tasty+Rubber+Bike+Laptop
262	9	https://dummyimage.com/600x400/fde6d9/333.png&text=Tasty+Rubber+Bike+Laptop
262	5	https://dummyimage.com/600x400/bfbfbf/333.png&text=Tasty+Rubber+Bike+Laptop
263	7	https://dummyimage.com/600x400/80a8cc/333.png&text=Oriental+Plastic+Gloves+Phone
263	4	https://dummyimage.com/600x400/ffffff/333.png&text=Oriental+Plastic+Gloves+Phone
263	3	https://dummyimage.com/600x400/7f7fff/333.png&text=Oriental+Plastic+Gloves+Phone
263	8	https://dummyimage.com/600x400/d8a8b6/333.png&text=Oriental+Plastic+Gloves+Phone
264	2	https://dummyimage.com/600x400/7fff7f/333.png&text=Recycled+Plastic+Chicken+Foldable+Phone
264	1	https://dummyimage.com/600x400/ff7f7f/333.png&text=Recycled+Plastic+Chicken+Foldable+Phone
265	3	https://dummyimage.com/600x400/7f7fff/333.png&text=Oriental+Steel+Sausages+Laptop
265	7	https://dummyimage.com/600x400/80a8cc/333.png&text=Oriental+Steel+Sausages+Laptop
266	1	https://dummyimage.com/600x400/ff7f7f/333.png&text=Electronic+Fresh+Chicken+Laptop
266	8	https://dummyimage.com/600x400/d8a8b6/333.png&text=Electronic+Fresh+Chicken+Laptop
266	4	https://dummyimage.com/600x400/ffffff/333.png&text=Electronic+Fresh+Chicken+Laptop
267	1	https://dummyimage.com/600x400/ff7f7f/333.png&text=Incredible+Wooden+Sausages+Tablet
267	2	https://dummyimage.com/600x400/7fff7f/333.png&text=Incredible+Wooden+Sausages+Tablet
267	3	https://dummyimage.com/600x400/7f7fff/333.png&text=Incredible+Wooden+Sausages+Tablet
268	2	https://dummyimage.com/600x400/7fff7f/333.png&text=Unbranded+Frozen+Pizza+Tablet
268	8	https://dummyimage.com/600x400/d8a8b6/333.png&text=Unbranded+Frozen+Pizza+Tablet
268	4	https://dummyimage.com/600x400/ffffff/333.png&text=Unbranded+Frozen+Pizza+Tablet
268	9	https://dummyimage.com/600x400/fde6d9/333.png&text=Unbranded+Frozen+Pizza+Tablet
269	6	https://dummyimage.com/600x400/7fbfbf/333.png&text=Electronic+Fresh+Shoes+Foldable+Phone
269	8	https://dummyimage.com/600x400/d8a8b6/333.png&text=Electronic+Fresh+Shoes+Foldable+Phone
269	5	https://dummyimage.com/600x400/bfbfbf/333.png&text=Electronic+Fresh+Shoes+Foldable+Phone
270	8	https://dummyimage.com/600x400/d8a8b6/333.png&text=Electronic+Frozen+Towels+Phone
270	4	https://dummyimage.com/600x400/ffffff/333.png&text=Electronic+Frozen+Towels+Phone
270	5	https://dummyimage.com/600x400/bfbfbf/333.png&text=Electronic+Frozen+Towels+Phone
271	7	https://dummyimage.com/600x400/80a8cc/333.png&text=Elegant+Rubber+Tuna+Personal+Computer
271	5	https://dummyimage.com/600x400/bfbfbf/333.png&text=Elegant+Rubber+Tuna+Personal+Computer
272	3	https://dummyimage.com/600x400/7f7fff/333.png&text=Sleek+Wooden+Towels+Personal+Computer
272	2	https://dummyimage.com/600x400/7fff7f/333.png&text=Sleek+Wooden+Towels+Personal+Computer
273	8	https://dummyimage.com/600x400/d8a8b6/333.png&text=Electronic+Wooden+Chips+Personal+Computer
273	3	https://dummyimage.com/600x400/7f7fff/333.png&text=Electronic+Wooden+Chips+Personal+Computer
273	9	https://dummyimage.com/600x400/fde6d9/333.png&text=Electronic+Wooden+Chips+Personal+Computer
273	2	https://dummyimage.com/600x400/7fff7f/333.png&text=Electronic+Wooden+Chips+Personal+Computer
274	5	https://dummyimage.com/600x400/bfbfbf/333.png&text=Practical+Wooden+Towels+Chromebook
274	7	https://dummyimage.com/600x400/80a8cc/333.png&text=Practical+Wooden+Towels+Chromebook
274	4	https://dummyimage.com/600x400/ffffff/333.png&text=Practical+Wooden+Towels+Chromebook
274	2	https://dummyimage.com/600x400/7fff7f/333.png&text=Practical+Wooden+Towels+Chromebook
275	1	https://dummyimage.com/600x400/ff7f7f/333.png&text=Fantastic+Concrete+Soap+Phone
276	8	https://dummyimage.com/600x400/d8a8b6/333.png&text=Generic+Granite+Shoes+Phone
278	7	https://dummyimage.com/600x400/80a8cc/333.png&text=Tasty+Steel+Gloves+Laptop
279	9	https://dummyimage.com/600x400/fde6d9/333.png&text=Small+Plastic+Pizza+Personal+Computer
280	7	https://dummyimage.com/600x400/80a8cc/333.png&text=Handcrafted+Bronze+Towels+Chromebook
275	5	https://dummyimage.com/600x400/bfbfbf/333.png&text=Fantastic+Concrete+Soap+Phone
275	2	https://dummyimage.com/600x400/7fff7f/333.png&text=Fantastic+Concrete+Soap+Phone
276	2	https://dummyimage.com/600x400/7fff7f/333.png&text=Generic+Granite+Shoes+Phone
276	6	https://dummyimage.com/600x400/7fbfbf/333.png&text=Generic+Granite+Shoes+Phone
277	3	https://dummyimage.com/600x400/7f7fff/333.png&text=Sleek+Metal+Towels+Chromebook
277	2	https://dummyimage.com/600x400/7fff7f/333.png&text=Sleek+Metal+Towels+Chromebook
277	4	https://dummyimage.com/600x400/ffffff/333.png&text=Sleek+Metal+Towels+Chromebook
278	1	https://dummyimage.com/600x400/ff7f7f/333.png&text=Tasty+Steel+Gloves+Laptop
278	2	https://dummyimage.com/600x400/7fff7f/333.png&text=Tasty+Steel+Gloves+Laptop
279	2	https://dummyimage.com/600x400/7fff7f/333.png&text=Small+Plastic+Pizza+Personal+Computer
279	3	https://dummyimage.com/600x400/7f7fff/333.png&text=Small+Plastic+Pizza+Personal+Computer
280	8	https://dummyimage.com/600x400/d8a8b6/333.png&text=Handcrafted+Bronze+Towels+Chromebook
281	1	https://dummyimage.com/600x400/ff7f7f/333.png&text=Refined+Metal+Keyboard+Phone
281	2	https://dummyimage.com/600x400/7fff7f/333.png&text=Refined+Metal+Keyboard+Phone
281	5	https://dummyimage.com/600x400/bfbfbf/333.png&text=Refined+Metal+Keyboard+Phone
282	8	https://dummyimage.com/600x400/d8a8b6/333.png&text=Rustic+Bronze+Pants+Phone
282	6	https://dummyimage.com/600x400/7fbfbf/333.png&text=Rustic+Bronze+Pants+Phone
283	6	https://dummyimage.com/600x400/7fbfbf/333.png&text=Handmade+Wooden+Gloves+Personal+Computer
283	8	https://dummyimage.com/600x400/d8a8b6/333.png&text=Handmade+Wooden+Gloves+Personal+Computer
284	9	https://dummyimage.com/600x400/fde6d9/333.png&text=Practical+Metal+Computer+Tablet
284	2	https://dummyimage.com/600x400/7fff7f/333.png&text=Practical+Metal+Computer+Tablet
285	2	https://dummyimage.com/600x400/7fff7f/333.png&text=Licensed+Plastic+Pizza+Tablet
285	6	https://dummyimage.com/600x400/7fbfbf/333.png&text=Licensed+Plastic+Pizza+Tablet
285	8	https://dummyimage.com/600x400/d8a8b6/333.png&text=Licensed+Plastic+Pizza+Tablet
285	3	https://dummyimage.com/600x400/7f7fff/333.png&text=Licensed+Plastic+Pizza+Tablet
286	7	https://dummyimage.com/600x400/80a8cc/333.png&text=Recycled+Frozen+Mouse+Tablet
286	8	https://dummyimage.com/600x400/d8a8b6/333.png&text=Recycled+Frozen+Mouse+Tablet
286	9	https://dummyimage.com/600x400/fde6d9/333.png&text=Recycled+Frozen+Mouse+Tablet
286	6	https://dummyimage.com/600x400/7fbfbf/333.png&text=Recycled+Frozen+Mouse+Tablet
287	5	https://dummyimage.com/600x400/bfbfbf/333.png&text=Sleek+Metal+Hat+Foldable+Phone
287	4	https://dummyimage.com/600x400/ffffff/333.png&text=Sleek+Metal+Hat+Foldable+Phone
288	1	https://dummyimage.com/600x400/ff7f7f/333.png&text=Gorgeous+Wooden+Shoes+Chromebook
288	2	https://dummyimage.com/600x400/7fff7f/333.png&text=Gorgeous+Wooden+Shoes+Chromebook
288	3	https://dummyimage.com/600x400/7f7fff/333.png&text=Gorgeous+Wooden+Shoes+Chromebook
288	8	https://dummyimage.com/600x400/d8a8b6/333.png&text=Gorgeous+Wooden+Shoes+Chromebook
289	4	https://dummyimage.com/600x400/ffffff/333.png&text=Gorgeous+Concrete+Chair+Chromebook
289	3	https://dummyimage.com/600x400/7f7fff/333.png&text=Gorgeous+Concrete+Chair+Chromebook
289	7	https://dummyimage.com/600x400/80a8cc/333.png&text=Gorgeous+Concrete+Chair+Chromebook
290	6	https://dummyimage.com/600x400/7fbfbf/333.png&text=Refined+Granite+Pizza+Laptop
290	5	https://dummyimage.com/600x400/bfbfbf/333.png&text=Refined+Granite+Pizza+Laptop
291	7	https://dummyimage.com/600x400/80a8cc/333.png&text=Electronic+Steel+Car+Personal+Computer
291	1	https://dummyimage.com/600x400/ff7f7f/333.png&text=Electronic+Steel+Car+Personal+Computer
292	3	https://dummyimage.com/600x400/7f7fff/333.png&text=Handmade+Fresh+Gloves+Tablet
292	7	https://dummyimage.com/600x400/80a8cc/333.png&text=Handmade+Fresh+Gloves+Tablet
293	4	https://dummyimage.com/600x400/ffffff/333.png&text=Oriental+Soft+Bike+Personal+Computer
293	7	https://dummyimage.com/600x400/80a8cc/333.png&text=Oriental+Soft+Bike+Personal+Computer
293	9	https://dummyimage.com/600x400/fde6d9/333.png&text=Oriental+Soft+Bike+Personal+Computer
294	2	https://dummyimage.com/600x400/7fff7f/333.png&text=Bespoke+Bronze+Shoes+Phone
294	4	https://dummyimage.com/600x400/ffffff/333.png&text=Bespoke+Bronze+Shoes+Phone
295	7	https://dummyimage.com/600x400/80a8cc/333.png&text=Fantastic+Granite+Tuna+Chromebook
295	2	https://dummyimage.com/600x400/7fff7f/333.png&text=Fantastic+Granite+Tuna+Chromebook
295	4	https://dummyimage.com/600x400/ffffff/333.png&text=Fantastic+Granite+Tuna+Chromebook
295	5	https://dummyimage.com/600x400/bfbfbf/333.png&text=Fantastic+Granite+Tuna+Chromebook
296	1	https://dummyimage.com/600x400/ff7f7f/333.png&text=Intelligent+Rubber+Chair+Foldable+Phone
296	2	https://dummyimage.com/600x400/7fff7f/333.png&text=Intelligent+Rubber+Chair+Foldable+Phone
297	1	https://dummyimage.com/600x400/ff7f7f/333.png&text=Unbranded+Cotton+Keyboard+Phone
297	2	https://dummyimage.com/600x400/7fff7f/333.png&text=Unbranded+Cotton+Keyboard+Phone
297	9	https://dummyimage.com/600x400/fde6d9/333.png&text=Unbranded+Cotton+Keyboard+Phone
297	4	https://dummyimage.com/600x400/ffffff/333.png&text=Unbranded+Cotton+Keyboard+Phone
298	3	https://dummyimage.com/600x400/7f7fff/333.png&text=Incredible+Cotton+Pants+Phone
298	8	https://dummyimage.com/600x400/d8a8b6/333.png&text=Incredible+Cotton+Pants+Phone
298	9	https://dummyimage.com/600x400/fde6d9/333.png&text=Incredible+Cotton+Pants+Phone
299	1	https://dummyimage.com/600x400/ff7f7f/333.png&text=Awesome+Bronze+Shirt+Personal+Computer
300	1	https://dummyimage.com/600x400/ff7f7f/333.png&text=Sleek+Metal+Towels+Phone
299	4	https://dummyimage.com/600x400/ffffff/333.png&text=Awesome+Bronze+Shirt+Personal+Computer
300	2	https://dummyimage.com/600x400/7fff7f/333.png&text=Sleek+Metal+Towels+Phone
300	8	https://dummyimage.com/600x400/d8a8b6/333.png&text=Sleek+Metal+Towels+Phone
300	4	https://dummyimage.com/600x400/ffffff/333.png&text=Sleek+Metal+Towels+Phone
\.


--
-- Name: brands_id_seq; Type: SEQUENCE SET; Schema: public; Owner: postgres
--

SELECT pg_catalog.setval('public.brands_id_seq', 30, true);


--
-- Name: categories_id_seq; Type: SEQUENCE SET; Schema: public; Owner: postgres
--

SELECT pg_catalog.setval('public.categories_id_seq', 6, true);


--
-- Name: colors_id_seq; Type: SEQUENCE SET; Schema: public; Owner: postgres
--

SELECT pg_catalog.setval('public.colors_id_seq', 9, true);


--
-- Name: migrations_id_seq; Type: SEQUENCE SET; Schema: public; Owner: postgres
--

SELECT pg_catalog.setval('public.migrations_id_seq', 28, true);


--
-- Name: order_history_id_seq; Type: SEQUENCE SET; Schema: public; Owner: postgres
--

SELECT pg_catalog.setval('public.order_history_id_seq', 1, false);


--
-- Name: products_id_seq; Type: SEQUENCE SET; Schema: public; Owner: postgres
--

SELECT pg_catalog.setval('public.products_id_seq', 300, true);


--
-- Name: products IDX_57ef484b3693631ee5de68b53b; Type: CONSTRAINT; Schema: public; Owner: postgres
--

ALTER TABLE ONLY public.products
    ADD CONSTRAINT "IDX_57ef484b3693631ee5de68b53b" UNIQUE ("productStringId");


--
-- Name: order_history IDX_e15b4a73a3e53311433968993c; Type: CONSTRAINT; Schema: public; Owner: postgres
--

ALTER TABLE ONLY public.order_history
    ADD CONSTRAINT "IDX_e15b4a73a3e53311433968993c" UNIQUE ("orderId");


--
-- Name: products PK_0806c755e0aca124e67c0cf6d7d; Type: CONSTRAINT; Schema: public; Owner: postgres
--

ALTER TABLE ONLY public.products
    ADD CONSTRAINT "PK_0806c755e0aca124e67c0cf6d7d" PRIMARY KEY (id);


--
-- Name: categories PK_24dbc6126a28ff948da33e97d3b; Type: CONSTRAINT; Schema: public; Owner: postgres
--

ALTER TABLE ONLY public.categories
    ADD CONSTRAINT "PK_24dbc6126a28ff948da33e97d3b" PRIMARY KEY (id);


--
-- Name: migrations PK_8c82d7f526340ab734260ea46be; Type: CONSTRAINT; Schema: public; Owner: postgres
--

ALTER TABLE ONLY public.migrations
    ADD CONSTRAINT "PK_8c82d7f526340ab734260ea46be" PRIMARY KEY (id);


--
-- Name: colors PK_9751ccb35a2b98e8b48e4baa4fe; Type: CONSTRAINT; Schema: public; Owner: postgres
--

ALTER TABLE ONLY public.colors
    ADD CONSTRAINT "PK_9751ccb35a2b98e8b48e4baa4fe" PRIMARY KEY (id);


--
-- Name: brands PK_b0c437120b624da1034a81fc561; Type: CONSTRAINT; Schema: public; Owner: postgres
--

ALTER TABLE ONLY public.brands
    ADD CONSTRAINT "PK_b0c437120b624da1034a81fc561" PRIMARY KEY (id);


--
-- Name: order_history PK_cc71513680d03ecb01b96655b0c; Type: CONSTRAINT; Schema: public; Owner: postgres
--

ALTER TABLE ONLY public.order_history
    ADD CONSTRAINT "PK_cc71513680d03ecb01b96655b0c" PRIMARY KEY (id);


--
-- Name: products_colors PK_da5221f174da1440f32c741ace6; Type: CONSTRAINT; Schema: public; Owner: postgres
--

ALTER TABLE ONLY public.products_colors
    ADD CONSTRAINT "PK_da5221f174da1440f32c741ace6" PRIMARY KEY ("productsId", "colorsId");


--
-- Name: order_history REL_44ff72b554672e08774b076650; Type: CONSTRAINT; Schema: public; Owner: postgres
--

ALTER TABLE ONLY public.order_history
    ADD CONSTRAINT "REL_44ff72b554672e08774b076650" UNIQUE ("productStringId");


--
-- Name: order_history FK_44ff72b554672e08774b0766501; Type: FK CONSTRAINT; Schema: public; Owner: postgres
--

ALTER TABLE ONLY public.order_history
    ADD CONSTRAINT "FK_44ff72b554672e08774b0766501" FOREIGN KEY ("productStringId") REFERENCES public.products("productStringId") ON UPDATE CASCADE ON DELETE SET NULL;


--
-- Name: products_colors FK_7ce14c5692d5cd003d8a436a53c; Type: FK CONSTRAINT; Schema: public; Owner: postgres
--

ALTER TABLE ONLY public.products_colors
    ADD CONSTRAINT "FK_7ce14c5692d5cd003d8a436a53c" FOREIGN KEY ("colorsId") REFERENCES public.colors(id) ON UPDATE CASCADE ON DELETE CASCADE;


--
-- Name: products FK_ea86d0c514c4ecbb5694cbf57df; Type: FK CONSTRAINT; Schema: public; Owner: postgres
--

ALTER TABLE ONLY public.products
    ADD CONSTRAINT "FK_ea86d0c514c4ecbb5694cbf57df" FOREIGN KEY ("brandId") REFERENCES public.brands(id) ON UPDATE CASCADE ON DELETE CASCADE;


--
-- Name: products FK_ff56834e735fa78a15d0cf21926; Type: FK CONSTRAINT; Schema: public; Owner: postgres
--

ALTER TABLE ONLY public.products
    ADD CONSTRAINT "FK_ff56834e735fa78a15d0cf21926" FOREIGN KEY ("categoryId") REFERENCES public.categories(id);


--
-- PostgreSQL database dump complete
--

